,A,B,C,D
2000-01-01,0.43711643116074206,-1.139072793249489,-0.05981776597686057,-1.2455385220457327
2000-01-02,0.8607940895737085,-0.16700578167568791,0.5072730252577369,-1.7292182176921906
2000-01-03,0.3963769972980975,0.2646620358386025,1.2863880399053993,-2.822474302398202
2000-01-04,1.0435791897929634,-0.9926700926367602,0.3104551276952213,-2.7205681486407767
2000-01-05,1.6493779493324165,2.065610583050459,1.0090021413044772,-2.465176374671549
2000-01-06,2.663995669535371,2.483305719327117,0.6543509142900817,-2.027786620275167
2000-01-07,1.6510939269851628,2.317593342279563,1.7710401002663776,-1.3368892969132242
2000-01-08,1.3133064478756264,2.8842006269714795,2.88702430133189,0.6368108605608247
2000-01-09,1.9270218629417837,2.645026203131441,3.6118264185020843,-1.0088256213875317
2000-01-10,3.3531222998360866,3.724991033092456,3.4005402387330554,-1.558246262579788
2000-01-11,3.5951247559862876,4.3341775785078624,3.90801578048515,-2.4228173309428485
2000-01-12,4.980103860308931,4.5429805217120895,2.6992671474269354,-1.549878598499753
2000-01-13,4.9470545553834295,3.3908189681972085,1.1585965081197338,-1.4365458802121527
2000-01-14,3.7697377157641734,2.491460000743359,0.8174747215154019,-0.39056600414335585
2000-01-15,4.798373650081695,0.1908883355621196,1.1348587480265757,-0.20909131419714339
2000-01-16,3.8630957777953374,-0.5653688956149274,1.5530470020178495,-0.035899773203976776
2000-01-17,2.9384307600971944,-2.7712958544022417,0.18909215021014902,0.807962828680551
2000-01-18,3.9048438656223556,-2.2707486313667156,2.0146968270676293,1.0298118702376535
2000-01-19,3.629198362176453,-1.8693859673598858,2.2876954701392025,0.03493008606867931
2000-01-20,3.1231487976710532,-2.033643808588193,1.6259289773965901,1.0369533719138642
2000-01-21,4.018676823539598,-2.8435576524189674,2.313648172566577,-0.8664974532768561
2000-01-22,3.6618364188364425,-2.0777137231144533,1.6161155009407193,-0.7280759338213991
2000-01-23,3.142096756666919,-1.912210636975231,1.4903885392586578,-1.7761940548942408
2000-01-24,3.8425246358819516,-1.8216853389198897,0.35186938274392543,-3.22436675782481
2000-01-25,3.595299605723956,-0.8855125128423371,0.18694626405098927,-2.025333338126526
2000-01-26,2.712979616002234,-0.9214806434727265,0.8101290550869649,-2.5382736331339677
2000-01-27,2.884083142856705,0.27604543978356544,1.0820702433093188,-2.4988912217153745
2000-01-28,2.8410931075953902,0.19528107361037125,0.18794475578596725,-2.039215565831845
2000-01-29,3.4109358281235087,0.5365321785216233,0.19155250970570067,-1.137228327572037
2000-01-30,4.053639891096086,0.3880613687602045,0.007418788244237806,-0.7488797296999701
2000-01-31,4.278045190002706,-0.5533203829525192,-0.6729106008667515,-0.7907755017634576
2000-02-01,2.3873411291740165,-3.1170076709214345,0.38946754712279585,-1.4228565735031884
2000-02-02,2.7097673804850357,-3.8371941370763705,-0.050479724569263584,-0.5837272130869878
2000-02-03,1.6905225840669325,-4.39471534186804,0.7825305072796058,0.7877493014293665
2000-02-04,0.5437493812231315,-4.40673805679961,0.45590967757375794,0.8707816496048654
2000-02-05,2.0210246646853034,-3.8377672291124094,-1.590920431471824,2.3527567416073136
2000-02-06,0.43430953509320114,-4.670956884676358,-2.0349453990958617,2.3724419573031286
2000-02-07,-0.27040734890672613,-3.215352172443776,-2.2748249234086098,1.6200291028149425
2000-02-08,0.12125480556436724,-2.83449917994936,-3.430776681304139,1.2672898161988289
2000-02-09,0.6587344378745232,-2.989715440139253,-3.4917000245421432,1.661070950894342
2000-02-10,0.07239471877049719,-3.2793680944009336,-2.154534188909749,-0.782268999980011
2000-02-11,-0.5914633446568379,-4.6331341701444915,-1.6498279344543998,-0.7879168794283069
2000-02-12,-1.0037238183005166,-4.000688430497832,-0.1877697147419659,-1.4739582681302763
2000-02-13,-0.5044975896508912,-3.960847672818176,-1.2152884264658788,-1.4673356203975145
2000-02-14,-0.9942890782025208,-4.808932920687033,-1.281205948307104,-3.9915785312741674
2000-02-15,0.6839671888466455,-4.652632764965107,-0.915867318741079,-4.221494722375239
2000-02-16,1.3081557868203042,-4.951185820620746,-1.2813576031856284,-4.51347242227388
2000-02-17,1.6936131162069266,-5.098698430631312,-0.10846161031440227,-3.2620271976005313
2000-02-18,2.312322386126463,-5.099363295575718,-1.6425761617015753,-2.4684851847072133
2000-02-19,2.941318252789487,-4.472330300907241,-0.55646993026083,-2.244159870410251
2000-02-20,4.244999928713484,-3.083479931557983,-0.3773472951235529,-2.1394710040612557
2000-02-21,3.442753556014348,-2.835581767863012,-1.1983775028183317,0.9545187842965404
2000-02-22,2.8087723609889585,-4.3488821920683804,-1.2907419266630917,0.6496380856712481
2000-02-23,3.2946798054473136,-3.868720321350992,-0.09003065015793466,-0.3087587920102839
2000-02-24,5.441683240721835,-4.000751985454095,0.9015625216399744,-1.4362738352083024
2000-02-25,4.844315578633684,-2.543771114094063,3.079708225376952,-2.3580025122482864
2000-02-26,4.831076612953036,-3.9664066125880657,2.394990505534759,-1.5668054310216326
2000-02-27,4.426242669300808,-4.037864401188052,2.9642136619575736,-3.6722647322656212
2000-02-28,4.884094257132464,-4.352449469042348,2.576668875782159,-4.305994551141901
2000-02-29,6.19511176317763,-4.745079446887066,2.584269076225099,-4.956957206981655
2000-03-01,7.27078441169233,-6.207852103996727,2.305278849995249,-4.846375493490458
2000-03-02,8.56351002431307,-6.139677240640074,3.3885862053619076,-4.8475502690883605
2000-03-03,7.832816043389041,-5.427037251658748,2.796751068356781,-3.946078513599351
2000-03-04,7.18039692554179,-4.527696216704373,1.669630465273756,-3.0304901411082446
2000-03-05,8.765626065905284,-3.472012029627712,2.0399204705650864,-4.6321889105871525
2000-03-06,9.732600147811272,-2.668694580283306,3.4564557651546837,-5.21537885978105
2000-03-07,8.994911691340937,-1.7005362503702852,3.444329224667388,-4.505724861568797
2000-03-08,9.426601771564238,-1.3538713469041432,4.073224092110947,-5.553336438199288
2000-03-09,8.468898400040196,0.13163706314056434,4.365663890069527,-5.281786538420044
2000-03-10,9.213052874615704,0.23641339555957416,4.403454624258026,-6.005969946327947
2000-03-11,9.282434886436597,-0.43346975881762506,4.335351355687083,-5.0424025810446365
2000-03-12,8.2754263746188,0.4475606732231582,5.207862460111571,-4.82372156114992
2000-03-13,8.149461621092732,-0.43107091978296597,4.157964331555168,-4.420442221806477
2000-03-14,7.17675423334971,-2.984608716207613,4.185657459776302,-5.818494065337317
2000-03-15,6.849038191213639,-2.6588013883664194,4.276847906556704,-5.201846624815384
2000-03-16,6.148914260331309,-2.466297870473338,4.009012811981389,-5.25325122260855
2000-03-17,5.818832251832603,-2.82003222590507,5.172652448159296,-5.261013707874406
2000-03-18,4.34887538158623,-3.173891450203876,4.743148306169824,-5.5520783500855115
2000-03-19,5.516889447187431,-2.8532741867024205,6.034940689985696,-5.933036092124975
2000-03-20,4.277978483274938,-1.951750964022047,6.62489881286645,-7.1819003569194315
2000-03-21,4.956647759954419,-2.369498845946697,6.997723162695529,-7.421131903628037
2000-03-22,3.736029200288406,-4.017333080130728,8.003680828211735,-8.65837847326583
2000-03-23,4.177625031119843,-2.485595233972756,7.927507145142673,-9.454706188949986
2000-03-24,5.127854156895392,-2.9870619908251426,7.857355957284696,-10.256417233668103
2000-03-25,6.013258573448128,-2.779723224597988,7.935301905000095,-10.059957716932932
2000-03-26,6.183716532065511,-2.9630153504417165,6.8987896410176415,-9.793164264396708
2000-03-27,7.152836062210982,-4.42625712298721,4.851482864183035,-9.259750152511518
2000-03-28,7.106433975607067,-5.958065414771891,4.685614460679239,-9.548513109881393
2000-03-29,7.368588178788017,-7.524553698837125,6.389218534306231,-9.0545682894079
2000-03-30,7.124996282077523,-7.313960846994009,7.566831827353285,-10.236866790900564
2000-03-31,6.194570492233572,-7.264760556699418,8.217686710457986,-9.253066613667325
2000-04-01,6.654927936444937,-7.446848120077831,8.148806492420732,-9.168990356000615
2000-04-02,5.487541747937182,-7.170689494090358,7.384158023606345,-8.344649372228663
2000-04-03,6.161343878646077,-7.626206717188621,7.914011463144263,-7.573888601027494
2000-04-04,6.89164250086759,-7.098860593331937,9.002039508756475,-6.713834157951576
2000-04-05,7.19065972286687,-7.156542089990945,7.693036691994012,-6.972779131831304
2000-04-06,5.475738991714012,-7.897405179069082,7.5976235310065015,-7.149299065149927
2000-04-07,4.9730460071787554,-7.26244273025902,7.472169686773908,-6.860201918765067
2000-04-08,4.099808325069514,-4.840641227688494,5.973636321698491,-7.315261671688078
2000-04-09,2.3176866420246682,-3.941004437399955,5.504502518581517,-7.173867125084283
2000-04-10,1.1372852492731325,-5.326541029065453,6.136980570094477,-9.368140775688147
2000-04-11,0.5626703627807299,-5.906800120015334,4.818145616841278,-10.269376519992079
2000-04-12,1.3719080125807899,-6.324801544191553,4.868622866430448,-11.12977138401466
2000-04-13,0.7572362204121836,-6.752328437208613,3.445507440476404,-11.991728161633596
2000-04-14,0.970939553977165,-5.657361829714073,3.4286436893113494,-10.855200097988877
2000-04-15,0.5452842113819425,-5.596308483554775,5.421765271604429,-10.635182676579475
2000-04-16,1.528757294019075,-5.621970658651412,6.2136583436192545,-11.164672915223953
2000-04-17,1.254729550136797,-5.957228632218697,7.002184787913015,-12.051296015104723
2000-04-18,0.9774606196717993,-4.6925595306449175,6.230416592728828,-12.897562804854076
2000-04-19,2.831703783281408,-4.500860396125912,6.176612244740982,-12.632862324007174
2000-04-20,2.286646595487886,-4.583489096400905,3.9691847485315104,-13.565651635494463
2000-04-21,3.4615780390758015,-3.0254490241150367,1.8579082641978948,-13.239073738112966
2000-04-22,0.24101997149940546,-3.3377768163454107,2.2693828444732507,-12.457659558558365
2000-04-23,-0.5637378502269035,-2.6014626426985354,2.342755214145094,-10.136716032613105
2000-04-24,-0.5537533914862485,-1.6537984883478665,2.9958675058435587,-11.24688312060415
2000-04-25,-2.26626441114494,-2.2438923264640165,4.322813344525702,-10.90851152276887
2000-04-26,-1.896593996954265,-2.2686355910912224,4.154153853533403,-12.207372646380856
2000-04-27,-1.0534425198250184,-3.2665265756231503,2.227656064344942,-12.057511125989562
2000-04-28,-0.7473337021070365,-4.240337410474142,2.9230009484163424,-10.963668951879633
2000-04-29,-2.0862443070919348,-5.564676518882789,2.19435077406378,-9.46520259928488
2000-04-30,-2.2362157806295206,-5.577771894855321,1.055892538382514,-9.104888979700421
2000-05-01,-4.100187279823168,-6.869566049178987,1.1924031728203544,-9.819630595489707
2000-05-02,-3.541121622036496,-7.360132262612117,-0.0027176413268732436,-9.996173484171056
2000-05-03,-3.9082634185359533,-8.256988884719279,1.513464483556048,-10.080272296690028
2000-05-04,-3.842352125181179,-7.99643770215687,0.16922549688729993,-9.828241910483644
2000-05-05,-2.9713166050556317,-8.869111095739216,-0.040212181525979274,-11.403504464567238
2000-05-06,-3.6774840983375583,-9.45389766038801,-0.15849258306392272,-10.87617333360579
2000-05-07,-3.2279844347310043,-9.286549775036107,0.4790783593868751,-10.610837528771587
2000-05-08,-4.100864001443808,-7.646638308804322,-0.9726663995555815,-11.413828268188386
2000-05-09,-4.268609837689261,-7.432029364743982,1.1836531235141925,-11.816511425931031
2000-05-10,-4.874418902280642,-6.952352356950307,-0.24023896339577155,-9.78568444549385
2000-05-11,-4.749372317385602,-7.564292516129813,0.1558728163306784,-10.32692275670058
2000-05-12,-5.164778385616978,-8.158611024702537,0.3282715072764547,-11.195012890018166
2000-05-13,-4.656789503932667,-9.244696380191245,0.18696981363297127,-10.930813021580637
2000-05-14,-4.020367519065868,-10.163419914461029,1.6672081242256538,-10.350236026722367
2000-05-15,-4.72727128273595,-8.010413248723648,1.0036038303852017,-10.278127037686122
2000-05-16,-4.815789126158946,-9.20778582813411,3.5338539323779967,-12.973241809982726
2000-05-17,-3.985085502775105,-10.88439389094466,2.5499179346584615,-13.759391285760682
2000-05-18,-5.717447785306405,-11.632041423581112,2.21081858565795,-13.945153586850067
2000-05-19,-6.701842860951992,-12.10900544357518,2.7065796508966775,-14.64741640580186
2000-05-20,-7.4698957700669375,-12.344193791474392,0.933045220874132,-14.256186230203982
2000-05-21,-6.609988326735742,-12.27426653299588,1.9487635065261089,-15.12147412021171
2000-05-22,-7.4636778257270375,-11.132140538079891,1.1443381076274766,-14.961773876094245
2000-05-23,-6.068902094129721,-11.051891023307435,1.6728429867152736,-14.185681966299923
2000-05-24,-5.09300826300153,-12.037855272479108,1.1707677126671783,-13.213866312888834
2000-05-25,-4.963261681749667,-11.887879037457362,2.155773632294554,-15.048351393702418
2000-05-26,-5.930501341321196,-15.504381129727816,3.4848077578542958,-15.163776674139704
2000-05-27,-5.323045399338163,-16.494469102484192,3.5866733018010426,-15.162357871541271
2000-05-28,-2.600030815350535,-15.163588927472656,3.6640993759750624,-16.057119175410016
2000-05-29,-3.9880274065491106,-14.262752243253678,5.612010653202076,-14.877680363662952
2000-05-30,-1.9407774316377133,-13.734873853386262,4.964670310320391,-15.524645574357747
2000-05-31,-1.955379218658495,-12.796949878285488,3.775993242385722,-14.163098825904747
2000-06-01,-2.481525025579615,-13.688720182294869,3.372911122003991,-14.814039613928704
2000-06-02,-3.840203391580176,-13.558543167255646,3.459198383534969,-14.767505231418957
2000-06-03,-5.127657830050522,-13.484403995622792,3.86623688074025,-14.609300216444591
2000-06-04,-4.35428992748758,-15.515184262233408,2.6357285119909957,-14.352003726475338
2000-06-05,-4.88155267145682,-14.60470656217588,1.575449126396429,-15.158070807019303
2000-06-06,-5.845473086475715,-14.761612649167105,3.1515376358066507,-15.0101152653159
2000-06-07,-5.692572090200022,-13.508231501048176,3.8794517499892285,-14.58100678836918
2000-06-08,-5.3296054935959445,-13.13121412596552,3.165304892552021,-13.202772453441934
2000-06-09,-4.800249849053626,-11.540143802397909,3.7293252459980564,-13.854496367486165
2000-06-10,-6.19233278273431,-12.433415740030718,3.0869495881568314,-13.267786089837623
2000-06-11,-6.363293913033855,-13.971789941957553,3.6753694329283464,-12.513227840111664
2000-06-12,-7.715894812814421,-15.140636249426793,4.049064259097288,-12.061459586888311
2000-06-13,-9.211703727032317,-16.88951042362208,3.0916837136283277,-11.375973187285847
2000-06-14,-8.990826841957634,-17.864589072930038,5.1473687649247815,-9.882790833094106
2000-06-15,-9.468339224554727,-17.99808857588597,4.440661198762021,-8.931561208112349
2000-06-16,-10.517982528587593,-17.699126240877288,4.007934659251937,-8.555942952355103
2000-06-17,-10.917059122473155,-16.528053845007374,4.011209527341344,-7.817107265327867
2000-06-18,-11.222216519542943,-16.091458478807716,3.0042190131560114,-9.777390101600435
2000-06-19,-10.875652043739631,-16.92657337064466,3.390352788747879,-9.657168126156126
2000-06-20,-11.328454239920854,-17.355138373170703,2.446473830238977,-8.33253362324329
2000-06-21,-11.802264557947485,-17.921834239333663,3.2477150822559526,-8.152687171262771
2000-06-22,-9.7763091109121,-22.053943030344374,3.7383627732235727,-9.033258468670631
2000-06-23,-9.374598576851106,-22.498250031957838,4.459668466175897,-9.886225193767109
2000-06-24,-7.58268964027468,-22.558122699909013,5.220906626126239,-9.13791962554674
2000-06-25,-7.907195362817514,-21.266848777790074,4.349043598332931,-10.656298773823265
2000-06-26,-9.09935095154927,-21.299600441904,2.9051148690866846,-11.52529428057939
2000-06-27,-9.814653084034413,-22.556698347047515,1.9971859542638997,-12.532678761822046
2000-06-28,-9.214820840392793,-23.339370161505787,1.7506013971199852,-12.419584418484513
2000-06-29,-8.450415245388923,-22.753860305416985,2.8430138678581596,-11.864249396634115
2000-06-30,-9.078466266519056,-23.006335118669583,1.2274086786395701,-12.023695160237612
2000-07-01,-9.44325197294209,-24.391547618776904,-0.4956249152192811,-12.998459137962511
2000-07-02,-10.011154706124486,-26.105394930683133,-1.5369962998713929,-13.867618231200389
2000-07-03,-10.539160587297713,-27.48127578622384,-0.8669661818541883,-14.08431480873054
2000-07-04,-11.196600480590227,-28.243314329269804,-2.910228877870878,-14.306164547672816
2000-07-05,-10.899114611163089,-28.4406507907029,-0.14890008095709328,-12.110020720684204
2000-07-06,-11.671191467037692,-27.10742710051577,0.8922360620978564,-11.597834368895484
2000-07-07,-12.233605349211425,-25.624350953393396,1.637994055212793,-11.407323217605718
2000-07-08,-10.745963440353224,-26.10071342207306,2.168727076085659,-10.57605035494631
2000-07-09,-10.204802953705604,-28.175229702478905,1.800415851993312,-12.832299137843208
2000-07-10,-10.231040943538183,-29.445378250458514,1.4135882415987422,-13.04121890582318
2000-07-11,-10.077551022130319,-29.79609897920923,1.9474792465839381,-13.097028359666607
2000-07-12,-10.711052184498019,-28.939222663708687,2.414826071095201,-13.336746787680353
2000-07-13,-11.512932463475584,-28.010823914284078,2.2001572007309766,-13.592101604514081
2000-07-14,-10.706196406484278,-28.889827991496535,2.368781644896442,-12.369275484593073
2000-07-15,-9.479668300147843,-28.573239594362157,2.088810222183599,-12.371677300501531
2000-07-16,-11.373112860967808,-28.311960384247193,2.967136594213743,-12.727205905670736
2000-07-17,-12.30457753207337,-28.170016229579556,2.453252702936807,-13.534568537479608
2000-07-18,-11.577506995748678,-27.79681068078049,3.373351454254078,-13.571445568778831
2000-07-19,-11.17772544422082,-29.625087646633574,2.629989707936547,-12.713670899274906
2000-07-20,-11.320475766491708,-28.05791631773057,2.3431896625865414,-12.62083685953911
2000-07-21,-10.463419546557645,-27.773932877231452,1.1928343192035176,-14.040122051834404
2000-07-22,-10.55396267306413,-28.128652748426084,1.3797797475593834,-13.174419598919343
2000-07-23,-10.470796555894555,-26.494284636547263,2.93321988829558,-12.262191102805131
2000-07-24,-11.034176828527938,-27.339493582869103,3.104663635140634,-12.50152404580165
2000-07-25,-11.840164117396359,-26.397070884561362,3.590789844280053,-10.873341405917051
2000-07-26,-13.386843197820317,-25.406241894355844,4.651005564900087,-9.784167982148396
2000-07-27,-13.471552038596315,-24.567707300308108,5.01960002569424,-10.19904404888591
2000-07-28,-13.485315913569023,-24.78495342224378,5.628478730411992,-9.518200749996158
2000-07-29,-14.219197828437048,-26.11864575157,5.56313607068365,-9.017888128234937
2000-07-30,-14.6946043236673,-24.85868678540132,5.509004483860078,-9.075936419873859
2000-07-31,-13.518938373539656,-25.041918645793523,5.575030352168693,-9.9765261689469
2000-08-01,-12.408977540583178,-23.55721993533492,4.6230199884419285,-9.821667591751366
2000-08-02,-11.601033843883199,-22.497511554918773,4.688661362134741,-10.515084317953656
2000-08-03,-11.422092348237559,-21.46926548509489,4.870728241150877,-12.017015845079172
2000-08-04,-11.041908810845701,-22.138694707367495,3.792497181112128,-13.470265327958245
2000-08-05,-10.75329223686008,-20.824392886052262,3.180069016561445,-14.124155981790116
2000-08-06,-8.874224345720977,-18.22083581673997,2.642746093165279,-16.769950530526614
2000-08-07,-10.158705086229961,-18.783547359218737,1.5711278196170242,-17.3188281114007
2000-08-08,-10.77078909196043,-16.404578411597797,1.9717100915341594,-17.295319286897104
2000-08-09,-11.30013119415287,-16.442120349468738,2.2055710963994115,-17.94183270950925
2000-08-10,-11.388123542539857,-16.682164088858812,3.479416415307326,-18.02685795363705
2000-08-11,-11.950106033202324,-17.23447756551204,1.9361149484448286,-18.413037960263367
2000-08-12,-13.543405061454546,-17.527824564424435,2.856646491057253,-19.914018880760295
2000-08-13,-14.613454506078122,-18.284571552862396,1.4898279488866322,-22.06552903252912
2000-08-14,-13.57740479972834,-19.390482081564375,2.2577402314249424,-21.092784632244335
2000-08-15,-13.291618783993828,-17.816451112050736,2.781446509874527,-21.880382442175804
2000-08-16,-12.44653109175248,-18.721284297456826,1.8256991482474918,-23.040810427882395
2000-08-17,-9.345168307110033,-18.635040749237223,1.5060372628095489,-20.48255087207117
2000-08-18,-9.158362357981034,-19.463172478916555,1.7941110605211152,-22.188164856878366
2000-08-19,-9.000127789336114,-16.741970170180693,3.381992665826807,-22.624412253534913
2000-08-20,-8.411936832592662,-17.608681777851046,3.2597633976650884,-23.30397178853211
2000-08-21,-8.212237047377398,-17.95901825514652,3.034953869881882,-22.77967953704217
2000-08-22,-7.9501280311315945,-19.728873797995977,3.930647350279677,-22.13207603767447
2000-08-23,-7.828132090382308,-20.790327856277038,2.277069724176731,-21.383596680240252
2000-08-24,-6.206098908980309,-21.926513339343636,1.8943490557034122,-21.163508897800412
2000-08-25,-4.6163546093860095,-20.734372450800464,3.2330237476922647,-22.28185889376574
2000-08-26,-5.725421318123371,-22.244255540964865,1.7977209947024981,-20.78151970426053
2000-08-27,-5.152201763649178,-22.626680385142837,2.5554294818417014,-19.676104660380602
2000-08-28,-4.2854502516928035,-23.25056766106594,1.542634004573503,-20.21992685505986
2000-08-29,-3.9393803419066726,-22.89127652020773,2.2616947864540626,-19.823641658837605
2000-08-30,-3.099521910287531,-23.500260799495212,2.736365457064232,-19.88924490789559
2000-08-31,-4.964119003818943,-23.371980414340904,2.381576056547866,-20.549302215782934
2000-09-01,-5.487481841822553,-23.64517182671887,1.9708528648601213,-22.78593068581836
2000-09-02,-6.248111783879956,-24.083136232294592,1.844232313805617,-23.61705045185197
2000-09-03,-5.905667824632486,-24.545442578288007,2.1211037611094445,-23.531170355746365
2000-09-04,-5.2726357867982125,-23.449207294524957,1.698589236752455,-24.43588617282589
2000-09-05,-4.609999940548386,-22.807634730914835,1.5164788810503644,-23.66912412884004
2000-09-06,-2.738741111507728,-23.393770864851454,0.1490425987127384,-24.4833579557188
2000-09-07,-4.007961479952481,-23.165321559826,-2.2764826567677474,-23.922898554765045
2000-09-08,-4.1818499531841535,-22.212267367752656,-2.87652669716561,-24.959193553179645
2000-09-09,-4.8820575912328685,-23.60666146628988,-2.4381742175610794,-25.283624904722345
2000-09-10,-3.167450211986984,-22.53916050648121,-0.3505964903663177,-24.629419444861906
2000-09-11,-2.2600366703709787,-21.84016002521362,0.27056746436906864,-22.420771804403284
2000-09-12,-3.4038810240231703,-22.45526861279888,0.0003831177444248435,-21.503081715948465
2000-09-13,-4.036300328086006,-24.167732149028136,0.5998138591327911,-23.84405094687874
2000-09-14,-6.112267601535536,-25.290137511086048,1.4575556193391201,-24.45837795491917
2000-09-15,-5.955715837286353,-25.557708191859263,0.8111194791802868,-24.875839315634664
2000-09-16,-4.391570101179003,-25.431480142543418,0.5270070204480599,-24.691389505146503
2000-09-17,-4.785312255501507,-25.668480029231276,1.3479440712160655,-22.792126467281072
2000-09-18,-3.3859673765433476,-27.171721850033105,-0.29685247591915376,-23.42212056452236
2000-09-19,-4.430120095496303,-27.338567378891373,-0.37585069395564263,-22.968678141496433
2000-09-20,-3.1694905899173635,-28.27628258537254,1.697539164303806,-20.656244175782003
2000-09-21,-3.1489342220095518,-28.281422610446135,1.0752494037488884,-21.770763808205295
2000-09-22,-2.934844064105028,-29.700850905817376,0.2278494301815095,-21.773681562685645
2000-09-23,-3.2552741051600185,-30.63489027509323,-0.6685581196832835,-20.652390521188615
2000-09-24,-2.2494281851741733,-30.697036993118935,-0.40172999960510486,-19.540019195217134
2000-09-25,-2.21573370598016,-31.01376229935286,-0.18119662315850973,-19.504746580765563
2000-09-26,-3.6831357346933418,-31.129949792101385,0.4233629251920654,-20.08205385078176
2000-09-27,-4.588302711426899,-31.75040853985207,0.5893280523006655,-20.01494582072991
2000-09-28,-6.222299290441159,-29.978891745271017,1.3182032155375092,-19.37856292632407
2000-09-29,-7.266282099403494,-30.361623028383864,1.3880360209534965,-18.22639970144885
2000-09-30,-9.093828012436614,-30.500576153582415,1.5619491983344305,-18.847184880013746
2000-10-01,-8.771026286531866,-30.376308625185096,-0.15640801762648637,-19.29970108261718
2000-10-02,-9.08119339091944,-29.774067990165793,-1.1310425274372466,-18.651105344681604
2000-10-03,-9.117320567375854,-31.70412634035203,1.736220823446493,-18.973598607520447
2000-10-04,-8.84070162897266,-34.01312952044625,3.003815427587572,-19.56004531254259
2000-10-05,-10.020787277410172,-34.35159305729559,1.7069318176156998,-20.03843198491099
2000-10-06,-10.992174541259244,-33.6341140681355,1.1670477619627082,-19.668182783522482
2000-10-07,-10.519814719714986,-33.846596886593154,0.9767426816147342,-21.921819027822583
2000-10-08,-11.528216872443387,-32.82809402259759,0.667129327281595,-20.941878721055062
2000-10-09,-9.967198981413501,-32.48439086624637,1.2083699934579042,-21.572549179410156
2000-10-10,-9.89098366799968,-31.096246272539116,1.2628272801384455,-20.65506828939182
2000-10-11,-10.94541272329461,-29.178804509208923,0.07672144992406271,-20.719479382748137
2000-10-12,-10.204603642132652,-27.722408358302143,0.7591617005612609,-19.979102916598073
2000-10-13,-12.009869283303749,-28.547920829462022,-0.15305377660703823,-19.581730023997753
2000-10-14,-10.37540220656877,-29.024962417187847,-0.9594650088619978,-18.278271717208977
2000-10-15,-11.331349654787525,-29.12875800744214,-2.0137412910803034,-18.49152569701665
2000-10-16,-12.547017863599383,-28.846457655584864,-2.6996030482348807,-18.964656582211717
2000-10-17,-12.254665029092255,-29.68324889875598,-2.8648754980141913,-19.86623518965888
2000-10-18,-11.189094507118853,-30.083421106829995,-2.534575644427773,-21.06433670769555
2000-10-19,-10.825385278947387,-28.98888779694719,-0.5511540112502906,-22.178574369099643
2000-10-20,-11.205719698687385,-31.033019923856596,0.5456735347330852,-21.47499324326146
2000-10-21,-8.996411595305396,-29.994946483284078,0.771012435476335,-23.05209003528629
2000-10-22,-10.037521199075872,-30.404480980479054,-2.898557913375142,-22.797016018719674
2000-10-23,-11.68889785366274,-29.83708256525886,-4.336976374120254,-22.567088042508527
2000-10-24,-13.570440077765268,-30.39299296326897,-5.373624253192611,-22.9190822363922
2000-10-25,-12.22898991107087,-32.364369649596895,-5.412089909810898,-21.5367891958426
2000-10-26,-11.890007072140168,-33.10907578964642,-5.9412086287303225,-22.7394347864485
2000-10-27,-11.5308241474768,-32.65788470752398,-4.990769597570508,-22.360119412415262
2000-10-28,-12.925927661462735,-31.64458120271773,-6.7056570464844665,-22.686496624595893
2000-10-29,-14.184251037010153,-31.952188181204185,-6.364178898668935,-25.11168394362073
2000-10-30,-12.684660281261536,-33.03246575695333,-5.435775799505267,-25.940791985183594
2000-10-31,-13.823499455457746,-32.953838892284956,-9.050693033112763,-26.053062985841443
2000-11-01,-14.286027994625913,-33.64646562545243,-9.212054955233874,-25.880741969765918
2000-11-02,-14.336578087547844,-33.77098096714087,-11.67288296285143,-23.40822062957055
2000-11-03,-15.184609035319355,-33.6687448832205,-10.802599876640281,-21.23456330972742
2000-11-04,-15.430168558536153,-33.21760555958825,-10.382228200484757,-23.372481691681635
2000-11-05,-15.195699578169501,-32.76779011241022,-9.629859197511013,-21.238306929958863
2000-11-06,-13.815815118120495,-31.569291693784265,-10.310944786686344,-21.065631118804145
2000-11-07,-12.916709771790345,-31.522280962538023,-10.284984185286616,-21.819891989884088
2000-11-08,-12.96338266990387,-32.74837731996044,-9.544764010501007,-21.782072328157835
2000-11-09,-12.428018757265095,-33.46318192375106,-10.073726205649255,-21.507659139533185
2000-11-10,-14.53097852964919,-34.10472545244715,-10.897649495083634,-21.786739117586617
2000-11-11,-14.242418374629565,-33.70540638779816,-12.07331924867753,-21.820774708201423
2000-11-12,-12.122241299204067,-31.82377044520298,-10.961785756691876,-21.485795615363124
2000-11-13,-11.905417086599318,-29.249385611380404,-12.094468978762679,-23.04363019595984
2000-11-14,-12.040894286540198,-28.845485449311983,-12.276168869361484,-24.386265881123144
2000-11-15,-11.901645063471593,-28.67308385949029,-10.894206455827504,-23.14033590657965
2000-11-16,-11.666170037849497,-28.66406271556163,-12.789409470816166,-22.045516703883038
2000-11-17,-12.633679646250457,-29.220051477153433,-11.572506325784367,-22.49789755435395
2000-11-18,-13.500940502195965,-30.29456767313539,-11.884582214742446,-22.22036787165191
2000-11-19,-12.565238275375146,-28.982055326226856,-10.390583451605977,-21.702868653513125
2000-11-20,-11.8284077431249,-29.071419080931417,-10.393782739125854,-22.47621941946625
2000-11-21,-12.318764747090492,-29.561335746623758,-9.88896584961656,-22.647426609292165
2000-11-22,-13.821989808008198,-31.11065186082648,-9.90551423673608,-22.2436920416358
2000-11-23,-15.470935010786116,-29.72186089127219,-10.618215754162977,-22.01877430282161
2000-11-24,-16.91006539646664,-28.718980483877246,-10.355840786878925,-23.14667663599983
2000-11-25,-17.18681886967006,-28.67439229653631,-9.984655070238581,-21.562133693186084
2000-11-26,-17.14860890588775,-29.113608075076094,-9.74483084947786,-22.80152880325144
2000-11-27,-19.175198145101632,-28.218872878751746,-10.62611913033669,-22.68667556723679
2000-11-28,-19.118402349084555,-30.32098188885586,-11.399108451267415,-21.100597639668944
2000-11-29,-21.19446549769617,-31.441399357252585,-12.05248190708649,-21.16164868304459
2000-11-30,-21.374350750679213,-32.096786101496654,-12.366374122205098,-21.780470386577395
2000-12-01,-22.47861348960435,-32.58472164109571,-12.58400589257267,-20.261267199517672
2000-12-02,-22.601372217595326,-31.874247378611106,-11.587621111059084,-22.352060555953933
2000-12-03,-23.66957141604506,-31.329051839730894,-13.230686529052496,-22.31084124012409
2000-12-04,-22.696512550830064,-30.61381530179439,-12.33047890693014,-21.794942227923197
2000-12-05,-22.27835295480561,-31.40400635032244,-12.586235803412913,-21.92419461460133
2000-12-06,-23.616990699997444,-30.750584122334843,-14.719671244538283,-22.454546821558115
2000-12-07,-21.55916690266638,-30.525825083350952,-13.318249207892954,-22.56819685131373
2000-12-08,-21.68568793648819,-31.80183185440427,-14.545933579402853,-23.35773119424994
2000-12-09,-21.065862171948982,-30.264289562029507,-14.650042759857405,-22.8189991190637
2000-12-10,-21.731894836472538,-30.480728915253067,-13.924824006188478,-23.57082706648143
2000-12-11,-20.668543452816348,-31.66618147256482,-16.47093813971589,-23.52800329222827
2000-12-12,-18.47851917381611,-32.07079180627126,-17.76507928166874,-23.19297032531531
2000-12-13,-18.2313883872846,-32.01307431255498,-18.14231155371247,-23.074062054895926
2000-12-14,-15.965475071342489,-30.158594462104027,-17.508152734609972,-24.370152500201026
2000-12-15,-14.315757175761867,-28.756958780459488,-17.89797831539665,-26.41354265358896
2000-12-16,-13.042427976512629,-29.72925413729279,-19.523569222653364,-26.525392612349584
2000-12-17,-11.382040325857048,-29.758298477562366,-18.07968347020503,-28.410815699411298
2000-12-18,-11.187345154888359,-29.436337110915954,-18.82303374023949,-28.799538263948133
2000-12-19,-10.698059522474905,-29.54913004687257,-18.370998205820626,-29.2884823219263
2000-12-20,-9.362114396906012,-27.10033916021698,-17.712618693924238,-28.915554914545474
2000-12-21,-9.157164992890754,-26.924747106792207,-18.533314165062013,-29.350289416274833
2000-12-22,-7.582795861659354,-25.85803355636611,-18.189500767938878,-27.971857278586576
2000-12-23,-7.0842650333975,-25.952740204576347,-17.852503883064692,-27.855522238363385
2000-12-24,-7.053760444083511,-24.695660782226003,-17.803634406739505,-28.548533541255587
2000-12-25,-9.64318839820884,-24.097840401493606,-17.034740682810977,-29.875023637506544
2000-12-26,-8.727323968639183,-22.936733670250064,-16.237745414254306,-30.981770337545797
2000-12-27,-10.178910326924859,-23.631772005671035,-15.474650883285387,-32.13837781946115
2000-12-28,-8.876455912884296,-22.30292215255769,-15.215417620133858,-31.339053274922094
2000-12-29,-9.491775632942257,-22.68193627711798,-15.285216736347396,-31.53514878291881
2000-12-30,-9.786643575705554,-23.25928356382608,-15.31370800947079,-29.08154668846557
2000-12-31,-11.645537617596508,-23.922913767097675,-14.82659871108417,-28.98694812643897
2001-01-01,-11.354750553564136,-25.55102490912206,-14.316033690795724,-28.383462232959857
2001-01-02,-11.832835991638522,-24.684220433043336,-16.71153231754397,-28.00795159904713
2001-01-03,-9.913286828441729,-25.33805700845696,-15.411420081229647,-29.698792715443222
2001-01-04,-9.620872852203346,-26.874148238522128,-16.10235423590996,-29.206588855848192
2001-01-05,-9.970294369876706,-26.912101141657857,-17.664932760739365,-30.120207869004744
2001-01-06,-11.659768280720915,-25.931638932797295,-17.173795981260312,-30.25598133258132
2001-01-07,-13.075920686011345,-25.597481921994188,-17.976411412132606,-32.19416448424254
2001-01-08,-12.205461235859602,-26.470183643346562,-18.6875961115113,-33.127359798141015
2001-01-09,-11.978372987910609,-27.004764551605945,-18.753444131828807,-32.141695637864686
2001-01-10,-12.442164128328434,-25.32189282186451,-19.96138051072733,-31.799382512404126
2001-01-11,-12.05797039980133,-25.4350638786161,-19.37619070608528,-32.81999314035252
2001-01-12,-10.503750101170056,-25.76596399036139,-17.68419760248023,-35.15303383636924
2001-01-13,-11.445975483358172,-26.635614351004534,-18.5061538384142,-36.16925366987028
2001-01-14,-10.738335724281463,-26.98608553465086,-18.70466407467418,-33.13122612613428
2001-01-15,-10.301606476449956,-26.686643810271693,-18.970229364046638,-33.17805154780737
2001-01-16,-9.087458518990749,-29.789340193642037,-18.31595687048202,-31.20306579430087
2001-01-17,-7.717320326241755,-26.871625086545215,-19.40274139334567,-32.977738395173965
2001-01-18,-7.7668327209960815,-26.3200110914469,-19.268244796386085,-32.70516040492794
2001-01-19,-10.070851224537655,-25.116627145863685,-20.042743223451374,-33.4615212674349
2001-01-20,-9.649968241250907,-25.66803838198231,-19.415466506293228,-34.08709205092984
2001-01-21,-10.964129087979604,-26.31231762474386,-20.865068818394363,-33.56694897304747
2001-01-22,-11.337946266309451,-26.452452462275797,-19.598317149427544,-33.62704740879138
2001-01-23,-11.93333169813419,-24.73389560676482,-17.911731016772002,-34.97815488098041
2001-01-24,-10.540221192757112,-25.30427263676351,-16.534035626742504,-34.07366521344161
2001-01-25,-12.0548266552453,-25.40368343911054,-17.52645213567174,-34.42463143568214
2001-01-26,-12.114794582195097,-24.501125261525715,-15.56237711957625,-33.4859325546793
2001-01-27,-14.039343883025172,-25.20212266850309,-15.3699425362521,-32.00332259636461
2001-01-28,-14.08575343716777,-27.150245508754026,-14.638201955167238,-31.352172002015905
2001-01-29,-12.4666395128681,-27.15586129383968,-13.690205474957796,-31.562182723527982
2001-01-30,-12.16778274439994,-27.238044955488373,-13.284509772666663,-30.50288777155014
2001-01-31,-13.713780902264594,-27.53978139393808,-13.29308295220499,-31.067828396985615
2001-02-01,-12.773240268219654,-27.693617612791186,-11.688563757029462,-31.042933923201353
2001-02-02,-14.367476602421812,-28.178768943971622,-10.652467153122638,-31.472384744550414
2001-02-03,-14.24916447006665,-26.776710286542475,-11.291084409789883,-31.567569913253642
2001-02-04,-15.764373792757059,-28.207362462208863,-11.440683856827672,-30.863432420849477
2001-02-05,-16.413250146163936,-26.856274459944473,-10.778311249314775,-31.504611036768953
2001-02-06,-17.834989789468743,-27.486102371188863,-10.628564707383816,-31.288707407881567
2001-02-07,-16.501014127393542,-26.976653439404526,-11.001577670685617,-32.29301482209553
2001-02-08,-17.81920778910162,-27.343754343398995,-11.936842008193485,-32.46981085061722
2001-02-09,-18.552691049947807,-27.64845700714895,-11.865837270259279,-31.797758537911328
2001-02-10,-18.943354826916202,-26.653609673512936,-12.12727334743974,-32.85606306371193
2001-02-11,-20.083891065385448,-27.18259087297608,-11.21538207889265,-32.37816112926144
2001-02-12,-20.57817615021434,-26.00870662219013,-11.641704370582806,-32.37735058584138
2001-02-13,-20.05116754171435,-27.57629264791333,-10.864827947751532,-32.01525615613527
2001-02-14,-20.282463418489332,-27.256693646976547,-10.254582272913165,-31.5366341926312
2001-02-15,-19.286140973544693,-25.291489364686832,-9.25090441215999,-31.389236885522127
2001-02-16,-18.550268236857743,-25.967310023339135,-7.6424360899280845,-32.33218941915576
2001-02-17,-18.314884654087717,-25.818735474767692,-8.727295725021003,-31.646022770320837
2001-02-18,-19.562352366016267,-23.478568805657055,-7.9227533836734665,-31.38546222029361
2001-02-19,-21.851477910913243,-24.7877412817845,-8.453144460551673,-31.837603979070987
2001-02-20,-21.151555822955437,-23.251989371038604,-8.905226414736031,-32.98462035904652
2001-02-21,-20.074259516061858,-23.26066119260925,-9.959076642087194,-32.03576471673449
2001-02-22,-20.389033747388787,-22.924258398666712,-9.369092955332471,-33.37995243376309
2001-02-23,-19.7474643011624,-24.751467642472644,-11.121885730512416,-34.28901986866279
2001-02-24,-19.61689742521621,-24.454875146495542,-8.391768915415545,-32.40313169302058
2001-02-25,-19.477010160059375,-24.550223883665083,-7.683785780387088,-32.95050394445019
2001-02-26,-20.629163609652654,-23.276062554602625,-7.780768001131065,-31.739885975604956
2001-02-27,-21.023820082719126,-22.564820303260518,-7.115039623235285,-30.722251060690844
2001-02-28,-21.45524183983921,-22.992157413294205,-8.858851266268365,-32.05544902922792
2001-03-01,-20.880194308785196,-23.245249106991636,-9.960029717989197,-31.421157074516827
2001-03-02,-22.371990674505664,-23.282082289740078,-9.596408426387448,-30.569440180373622
2001-03-03,-20.858944960015457,-23.23916536969185,-9.322617170689885,-29.999738171300503
2001-03-04,-20.901956524452977,-22.023886261325377,-7.91790526977201,-29.894275555889482
2001-03-05,-20.415688516723495,-22.485867467810145,-6.097281257283097,-30.12785301362753
2001-03-06,-20.31530865856911,-20.48422421717548,-6.962674814080157,-31.337756902471657
2001-03-07,-19.72255419762959,-22.218747931317875,-6.381772202436319,-31.28446643577842
2001-03-08,-20.259359547787813,-21.320698648773075,-8.371004508589897,-29.992065642231715
2001-03-09,-20.368582171984013,-20.693946109061297,-8.998601034932932,-30.583922928589075
2001-03-10,-19.26687960181018,-22.2656017294361,-8.98393937770371,-30.129353242643116
2001-03-11,-19.691203886163237,-21.816271402442354,-9.140839411921087,-29.967597990194637
2001-03-12,-19.778312824204942,-20.859346876863192,-9.955136026421641,-30.104770699917186
2001-03-13,-20.650741100604293,-20.63264313081316,-8.329547634608875,-29.38595173073509
2001-03-14,-20.502822917932466,-20.1796695702719,-8.052565974456995,-30.027069547503917
2001-03-15,-20.04122351008022,-20.06605582735017,-7.412270015971876,-29.098992938449197
2001-03-16,-20.41025171153381,-18.124267481440288,-8.314725928961066,-28.77553951175686
2001-03-17,-21.212566254325285,-19.127329446268956,-7.942340806564277,-29.850994449715767
2001-03-18,-21.1801709058639,-18.63441977511719,-8.65310998998752,-29.313913864514348
2001-03-19,-21.739845810634876,-18.89469483845995,-9.106200052574128,-28.26527195678672
2001-03-20,-21.983376436687735,-19.26423550438122,-6.135666995043941,-28.03299091760529
2001-03-21,-22.10591711382388,-19.968023501526947,-6.435351998270471,-29.040341547696812
2001-03-22,-19.215272566047837,-21.25563586885632,-7.53029221598077,-28.236290834931992
2001-03-23,-18.71019193701547,-22.344642179039134,-7.024169096971718,-28.74806087175264
2001-03-24,-18.390912520735103,-21.491623870684215,-6.390805999277738,-28.47321577094788
2001-03-25,-15.978429890081959,-22.574196589188418,-5.760845840592072,-28.70064138753481
2001-03-26,-16.223327492404124,-22.167489538952537,-6.372473882966778,-27.962213221619628
2001-03-27,-15.700685961500092,-18.72021435507832,-7.08279124684604,-28.366216726786632
2001-03-28,-15.943117978134463,-18.922907761583836,-7.933768878335019,-27.049159616104316
2001-03-29,-16.244164701901113,-18.554646393603104,-7.622390122907362,-28.89066425220945
2001-03-30,-15.994892752938481,-19.635807963619296,-6.672331645250043,-29.92981642161348
2001-03-31,-16.191862085022894,-18.6773338928901,-8.46474692969663,-27.92194505696149
2001-04-01,-15.471170155100554,-16.82319731293046,-8.135325447121144,-27.472704149270243
2001-04-02,-14.839113214394695,-16.905901568902625,-8.030287213539632,-27.99374142583275
2001-04-03,-12.981104457236249,-15.953584204264871,-8.292981628107507,-27.270824413987427
2001-04-04,-14.013918005785683,-15.863836475501563,-8.77272357148263,-27.756789037739896
2001-04-05,-13.967101814642994,-16.80947448286363,-7.385555100866914,-27.20590187589732
2001-04-06,-13.217331579368592,-16.629543304831547,-6.581425902778474,-27.11108802200403
2001-04-07,-14.02899221306939,-16.346091996669223,-6.592983281836655,-27.852080056678453
2001-04-08,-15.561103444575428,-16.54172804007068,-6.010615573628672,-28.4894553889303
2001-04-09,-14.392650099248861,-14.971216724480794,-7.738337308936948,-28.144891944832697
2001-04-10,-15.629515825708648,-15.509254185206547,-7.600121675094421,-28.706074411961865
2001-04-11,-15.694101001184464,-17.220325009157932,-7.49858896311565,-27.669661251006463
2001-04-12,-14.202816001239592,-16.529969626491376,-7.720850026856302,-28.744236343816723
2001-04-13,-14.296920605572947,-15.770182601764798,-7.428631682931861,-28.19075994236236
2001-04-14,-15.310901501597236,-14.817269892254199,-5.4593653577089425,-29.363153265572162
2001-04-15,-15.84458280130683,-13.905887639031036,-6.220185546977697,-30.40806124645806
2001-04-16,-17.74424339870028,-15.613832537490817,-5.748206809906066,-32.64660332544299
2001-04-17,-17.605246521059158,-13.607743174487663,-6.281151623778314,-32.46727544946455
2001-04-18,-19.86582868491389,-15.27430092436651,-5.479072222904507,-32.75631665054823
2001-04-19,-22.88462042834748,-14.026128855548048,-3.4664136807071877,-34.54764077761897
2001-04-20,-23.09273482460841,-16.30664776809636,-4.250116537333761,-35.73195266307514
2001-04-21,-23.833282421997346,-15.728262767885543,-5.115344015060476,-36.83161624671324
2001-04-22,-22.62732004593164,-14.719447025417715,-4.6214832627070805,-36.04933410041691
2001-04-23,-20.391889170421056,-14.941156652197538,-5.547964676598788,-36.51787608391038
2001-04-24,-18.876459161763847,-14.452416000420644,-6.239362377975579,-37.25768566234142
2001-04-25,-18.968663461175097,-16.369713809990444,-7.317454821002379,-38.47493303510602
2001-04-26,-19.16976066843106,-16.19704843371325,-6.924037944552729,-39.04404970845214
2001-04-27,-18.992807157842897,-16.15844849054777,-5.703295931011788,-38.387299403673595
2001-04-28,-19.816064317749667,-16.27394726215871,-5.245030600863247,-38.89622050981514
2001-04-29,-19.395267739222305,-17.02578377439705,-6.664798516289989,-38.71839819510052
2001-04-30,-19.21357388528509,-17.02129605208648,-7.061085626612534,-38.73100534039547
2001-05-01,-20.291681426623846,-17.14001910250347,-6.187509212440068,-39.33362789783228
2001-05-02,-20.31470795297244,-19.331804220299645,-5.673302301977749,-38.946835575409274
2001-05-03,-21.08579001163255,-20.09892967537092,-7.303683496558577,-38.83706266515636
2001-05-04,-22.40710981887152,-19.338764040061484,-6.385129763823093,-38.998589789172264
2001-05-05,-22.718996200424318,-17.44779631782032,-4.667639987176852,-39.72777372468855
2001-05-06,-22.805942582381967,-17.25245174906017,-3.098935870236579,-39.10322858022596
2001-05-07,-22.887174707201396,-17.061879936105004,-4.003159517732636,-38.530234589414015
2001-05-08,-22.678919076027803,-16.17065403019811,-4.854313102609209,-37.51103989745677
2001-05-09,-21.335454913543792,-16.959887219800475,-4.0304519994598795,-38.37014659939759
2001-05-10,-21.65897378235797,-17.12357720338703,-3.2236117793994756,-39.26049704523972
2001-05-11,-20.179460122025738,-17.32760086496231,-2.5578119485969317,-38.05955220211247
2001-05-12,-19.96093532470416,-17.523317174717686,-2.9347713015652217,-38.960704072515796
2001-05-13,-19.465599714088402,-17.340306152104333,-3.5184763028151362,-38.44708678709344
2001-05-14,-20.230283080237125,-18.843890648107426,-3.3103421045096804,-38.000585316022025
2001-05-15,-19.91243547884899,-19.131585037414258,-2.042486430727978,-37.71111903930796
2001-05-16,-18.708580278357292,-18.573278143782396,-1.1056069545279323,-36.375588889553896
2001-05-17,-17.315621227375313,-16.800366508573855,-2.062130320745311,-34.621984285238426
2001-05-18,-18.916377159430745,-17.31696208144056,-2.2377670581081235,-34.141410868203536
2001-05-19,-19.760048611485733,-17.523703536707448,-1.7351679217285412,-34.614707065022806
2001-05-20,-21.789325601038588,-16.154996168851984,-2.3918374903333754,-34.175827419882815
2001-05-21,-21.510584021784283,-17.62109660364022,-2.6949911970482168,-34.79806722277431
2001-05-22,-20.776019553064074,-16.74232480722888,-3.8899892720080347,-33.9974798702527
2001-05-23,-22.304149970820262,-15.5116570857545,-4.014552048607103,-34.86970014059577
2001-05-24,-19.938975730623774,-15.173386050979651,-2.3653005143047863,-34.74843292249558
2001-05-25,-19.867581128402488,-15.385586753502144,-1.175066398478858,-35.22019809124453
2001-05-26,-20.69506490165724,-15.913162756482926,1.781359313079529,-35.28899498029377
2001-05-27,-19.828003369954025,-15.657977580609884,4.145241308950274,-34.553474415694204
2001-05-28,-20.899098764665915,-15.686991631422082,4.001860515046938,-34.71716126296407
2001-05-29,-23.39584782046256,-14.583152602250584,4.00482616698561,-33.68432623193505
2001-05-30,-22.91524554716692,-14.374695170438244,3.720689864427335,-33.51283594664993
2001-05-31,-21.788984667894432,-14.490949080227018,5.680647112176532,-32.07092757106325
2001-06-01,-22.413474012474136,-12.838760121097113,7.256375583098506,-31.880314937154743
2001-06-02,-21.067558330581715,-13.343721396821937,7.550969256261383,-30.6340290631209
2001-06-03,-21.57714737248192,-12.860967787359318,6.5083513031186015,-32.180330466370414
2001-06-04,-22.885329457419594,-12.298607718271601,7.501046740697735,-31.78977848701848
2001-06-05,-24.83103312374617,-12.722349060247197,6.192447387232061,-31.610161385857754
2001-06-06,-25.131096731145288,-10.830423897207847,6.420565173844294,-34.01691017018478
2001-06-07,-24.393703395786055,-11.699187071851867,6.438536561875694,-32.85607613272361
2001-06-08,-24.30398826551018,-11.392071316744243,6.757644607187574,-30.512779121049327
2001-06-09,-24.703744163113882,-12.945950787641435,6.630900776419217,-31.358021809964992
2001-06-10,-25.594538656007618,-11.816078581287638,5.047903846968265,-31.203845257663307
2001-06-11,-26.428316760602375,-12.377384762856613,5.558047593275086,-32.072330251450786
2001-06-12,-26.13479395136108,-12.295304481992778,5.816586360000054,-32.81064692363579
2001-06-13,-27.840811714011636,-11.220231921898273,6.9297961935007875,-32.948104981604246
2001-06-14,-28.51725901312763,-12.00681170492653,5.17721778979956,-32.283908678744446
2001-06-15,-28.02369545181863,-10.883623460605742,5.046303035162032,-31.121030796180342
2001-06-16,-27.741002474225084,-9.947104174271256,3.995653955817419,-32.37516032817544
2001-06-17,-28.419678719008935,-7.861485972138315,4.814840575810864,-32.28515624879701
2001-06-18,-27.58590548164384,-7.183005440879006,6.912848269842304,-32.86514404893602
2001-06-19,-26.4332419432917,-7.077558072052889,6.82806298386696,-32.45291383864377
2001-06-20,-25.740607550591623,-7.325238194081314,5.421688848299184,-33.034972396237315
2001-06-21,-25.556842008571085,-7.190841911012023,5.006600238569037,-32.687081213188215
2001-06-22,-25.1202586734531,-7.1838573851843055,3.865715675325551,-31.76286251447415
2001-06-23,-24.790183857928636,-6.136941967692467,4.7095920563144915,-33.22902822620362
2001-06-24,-25.838908781129632,-5.028344178872217,4.204555553475762,-32.69786008057982
2001-06-25,-29.69425617265755,-5.706036309693857,2.8049752410305127,-33.5607473611179
2001-06-26,-30.228145516749695,-3.3005155741134713,2.421219032377204,-32.869512829591805
2001-06-27,-31.010533763855907,-1.780639405231927,4.4831438315398024,-34.72195113216616
2001-06-28,-31.038103041511924,-2.6316608875959213,5.742913421744929,-33.36179331969697
2001-06-29,-31.280354812878088,-3.116425290361246,6.0391557555449085,-34.10251465543389
2001-06-30,-31.667785253626455,-2.6008424915386255,5.002296922111271,-32.405824807979585
2001-07-01,-30.02281776916645,-2.520794007426885,4.73945843711891,-31.945418069505816
2001-07-02,-30.343038972340846,-4.430906864167213,5.174778479725236,-32.18739339099346
2001-07-03,-30.356274823243808,-5.764802990595495,6.601242417358371,-33.0809245124344
2001-07-04,-30.47973246489522,-4.056660054777882,7.449285022884436,-34.18824530885033
2001-07-05,-31.665932393142963,-5.634181287907888,8.28015533496074,-33.19667057606907
2001-07-06,-31.419404850537074,-4.184003804049617,6.819117199091639,-33.28407810644673
2001-07-07,-31.893397872458095,-3.0567332891729615,7.702478032431664,-32.5071160760105
2001-07-08,-32.11974600278841,-3.9720108135996166,6.419121500292137,-33.11001503806224
2001-07-09,-31.525424168144195,-4.338250611558628,7.274747599540046,-32.505271077344375
2001-07-10,-30.724850593841946,-3.448400837111717,5.132243036452933,-32.66296377480074
2001-07-11,-30.709594374268516,-4.437876095444481,5.471257301055175,-32.198716821297
2001-07-12,-31.055095933637713,-4.271829107017242,5.306255806587538,-33.22126896193053
2001-07-13,-31.026347529042535,-3.3616800085132468,4.683205936040625,-32.79415945670092
2001-07-14,-30.491689447882994,-4.507510593853335,5.7031552353622175,-33.64918738310951
2001-07-15,-30.575223289578123,-4.57843079916713,4.74489307810703,-34.387531646082
2001-07-16,-30.17012567285429,-5.337235608493094,3.4498127164784043,-35.2035595873255
2001-07-17,-29.554842250383633,-4.886416817860783,2.624671143431617,-33.39323891759793
2001-07-18,-26.912261674745224,-4.400307221274485,1.1495801039588625,-32.54173330427439
2001-07-19,-27.35262437759606,-2.66959476415561,-0.039371983056020854,-33.0767893922307
2001-07-20,-27.485905934114633,-3.3433534111476573,0.2657988869986294,-31.847283981503193
2001-07-21,-27.066682848191146,-3.1427450841527214,1.8713234363361615,-32.63606825036663
2001-07-22,-26.065289237999046,-3.7899424358170397,1.9298838818115718,-31.44947499649215
2001-07-23,-25.174530273025116,-4.070423916990271,3.5700680314829274,-31.587252929011942
2001-07-24,-27.05870770660357,-6.081059870136917,4.516367800719623,-31.765100283595753
2001-07-25,-26.798151795382335,-6.194915192534824,4.466038423587533,-31.841375366535317
2001-07-26,-26.550646847512727,-5.297774735070406,5.275467001840972,-31.131477669192922
2001-07-27,-24.76126595961063,-6.043000533437782,6.201980282471838,-32.115529553954985
2001-07-28,-25.074197710088644,-6.336627736766422,5.508060503137377,-31.97551980276643
2001-07-29,-26.56841316872778,-7.449759644632336,7.315979590865499,-32.008217698852015
2001-07-30,-27.22191470096093,-6.900482007407847,6.819678286273215,-32.95915016711497
2001-07-31,-27.677053658907,-7.1521183881993835,6.1648401701506,-34.16653733675667
2001-08-01,-26.802167755529172,-7.568734046018146,7.29609718773157,-34.65845307023298
2001-08-02,-28.817060554231947,-9.417940646952873,7.73218829714666,-34.69829892448699
2001-08-03,-28.359609836232334,-9.766951226185519,7.506472786441622,-35.964579715692594
2001-08-04,-29.18691072201068,-9.491668196794837,7.751226710383679,-35.895938419171934
2001-08-05,-28.68329297522215,-9.76680134413444,8.295950757270925,-37.531719430636926
2001-08-06,-29.351074263320452,-8.647317443139482,9.06761690888142,-39.336929909443576
2001-08-07,-30.10174161103206,-9.15392794138626,9.666166129840912,-39.19083693247616
2001-08-08,-30.00828533012083,-10.271710741574672,10.285450832552211,-39.903739650482486
2001-08-09,-28.262340633675432,-10.575737240527351,10.984554290674714,-40.90017265452403
2001-08-10,-27.070308341320874,-11.40863110699082,11.657261701789272,-42.04763746020626
2001-08-11,-26.711736906940363,-9.85710228795204,11.515642716970104,-41.2391590879264
2001-08-12,-26.606302160886624,-11.906230272015687,11.468999083397177,-40.2323539987216
2001-08-13,-26.354284229671872,-12.27742887203743,11.470118845499329,-41.62383034478021
2001-08-14,-26.191762494642443,-13.09861306907847,11.399596969322765,-42.03981926515601
2001-08-15,-25.536075857333138,-13.36000067529654,10.985639587603274,-41.68528827834919
2001-08-16,-26.57459334627052,-12.192253613272543,13.74433185513104,-42.85599829203355
2001-08-17,-27.615269418558263,-12.560411485207128,12.634206669054915,-41.93891388369237
2001-08-18,-28.961722587610446,-11.272175848112635,11.347613786784127,-42.14774248438612
2001-08-19,-28.13990960983028,-11.526991076785443,9.975149534588663,-42.197479644946334
2001-08-20,-29.161830220878787,-11.917474160278537,10.649489777081888,-42.305220172676584
2001-08-21,-28.12892446051975,-10.034610379105564,8.769734289953442,-41.78614657387974
2001-08-22,-30.03646080629369,-10.318094174314792,8.582710990364577,-42.72527867248688
2001-08-23,-30.9298061752598,-10.840977733524477,9.530871676330735,-43.52280076391664
2001-08-24,-31.290777681417907,-12.42369108835006,10.800431236670406,-42.77056789012611
2001-08-25,-30.6406993892212,-10.15366945635698,10.66416874830303,-42.392101901662485
2001-08-26,-30.29937739669072,-10.78182057257284,12.117766695663933,-42.23538048328283
2001-08-27,-29.509588112256548,-13.641110286047441,11.024400429102823,-43.30858883498896
2001-08-28,-30.384080230086415,-13.791592322766837,11.292604573787795,-43.44883100623127
2001-08-29,-29.875632726295752,-12.858835290014863,9.942144668060275,-42.16835999624721
2001-08-30,-30.381198855297193,-12.147028367223319,8.724023733563133,-42.38790746004736
2001-08-31,-29.184961244215362,-11.678735495827986,8.890966001748073,-39.89966652073469
2001-09-01,-29.07712522995008,-11.452541446105405,8.722229714837173,-39.169421190849704
2001-09-02,-30.03132432270027,-9.47716044447122,8.008080805342765,-37.57105972510475
2001-09-03,-31.08775415962959,-9.458054548136673,8.246386825836815,-37.86021858448033
2001-09-04,-32.15822489391128,-8.567182100652053,8.300864173841788,-37.30761184812189
2001-09-05,-33.653867815415445,-6.353805560070649,7.259716329889724,-37.41532656369332
2001-09-06,-33.919144570322345,-7.946871328943184,6.608435991505335,-36.06788242452735
2001-09-07,-33.93023741882014,-7.0701373865249595,6.963469736527389,-36.86702392618188
2001-09-08,-34.14477273621979,-5.772369285632593,6.846392943525157,-37.392734378024144
2001-09-09,-35.31982616669888,-5.960793820144127,6.174394855667352,-36.506592951149834
2001-09-10,-34.41945759222959,-3.4601302009874124,7.547761655986836,-37.4616751867606
2001-09-11,-34.088929909166694,-2.116327912586077,9.771569668480119,-38.64011318288016
2001-09-12,-35.63078069547073,-2.296345810714194,9.31674950753334,-39.90376082615158
2001-09-13,-33.71587688306526,-3.8296383303933537,10.206863260252913,-40.73511073156075
2001-09-14,-33.65553593300839,-4.005685905347407,9.852207882517671,-40.844785991036616
2001-09-15,-31.951045739927125,-3.0030387066879554,10.136958186972432,-40.93947825419299
2001-09-16,-31.699587961186527,-2.9762099167019755,10.54505842540886,-40.0787784264912
2001-09-17,-33.218702725295714,-4.47652108383793,11.071724958699978,-40.86547595761621
2001-09-18,-33.60390946252336,-4.0243672490628075,12.487190918597703,-42.60963819834212
2001-09-19,-34.08157254432506,-4.049271657861795,12.591163941255465,-41.431255012616795
2001-09-20,-34.26435765567048,-5.326583698543654,10.952987316265133,-41.86277565094652
2001-09-21,-33.760426789861064,-4.70147772967303,11.98758994961368,-40.73223976632657
2001-09-22,-33.563476503099956,-5.560770955634334,13.322052522163272,-40.22584534026032
2001-09-23,-32.1452820890069,-5.47730954806707,13.47507111597709,-40.6928416254865
2001-09-24,-33.14436781807217,-6.608244924183031,13.70185816264897,-42.185437429295824
2001-09-25,-33.89826513740155,-6.145130417939064,14.509309734299576,-43.74708209106001
2001-09-26,-33.28740104463199,-5.686216779804706,14.65804995087657,-44.58891229721714
2001-09-27,-32.763627845498554,-4.241798062637768,15.251084750823017,-44.738910355008386
2001-09-28,-31.681489405719162,-3.2896114034078736,15.161210456342515,-43.80491740336194
2001-09-29,-31.647717856716614,-3.1240306884777853,15.560600348713514,-43.858578787546044
2001-09-30,-32.711736770797906,-2.9003756792085778,15.311623706438777,-45.08038342411115
2001-10-01,-33.6569933433916,-2.0183565307304514,16.720865740034245,-44.420794999622
2001-10-02,-33.52661378577112,-1.0259381236212892,15.279257664819916,-43.600086625325915
2001-10-03,-31.88933275269382,-0.10562481012429459,15.394577001939851,-43.28200511288194
2001-10-04,-31.818888652358574,-0.14308132653631897,16.574054769806498,-42.406580296697925
2001-10-05,-30.535769164419666,-0.6241505292451205,16.054273548145527,-41.79436462160895
2001-10-06,-29.11329526485349,-1.1955647960197937,16.477852730130788,-42.926915612779744
2001-10-07,-28.437509983834826,-0.30222274537952876,18.38384258360052,-41.71323434447198
2001-10-08,-28.88039455626349,-1.0285024239269136,18.939841462118338,-42.273761992934936
2001-10-09,-29.476823108748647,-1.5339749943367678,18.686729018849835,-42.12546158429507
2001-10-10,-30.706746833675428,-1.287604914572602,19.009798769732516,-43.573028151259194
2001-10-11,-29.966863375029824,-1.523978140741846,19.067420588353535,-43.825299716495756
2001-10-12,-30.02894412449608,-3.310234893776734,18.972362731730364,-45.47933639949598
2001-10-13,-30.679801689088237,-3.675830714471475,17.239903731845335,-45.48040529667113
2001-10-14,-29.926714436879685,-4.821567588477756,17.596097530647572,-45.99169536171847
2001-10-15,-29.719584066772278,-4.181156335121889,18.517650171158245,-43.88785849725679
2001-10-16,-28.848931466641616,-4.157731071683956,19.631098819361416,-43.51152100066767
2001-10-17,-28.434522251686484,-4.200055333029727,19.71538548724509,-43.07943615299569
2001-10-18,-30.467684815696586,-4.812696393359513,18.889535108237197,-43.58385724328493
2001-10-19,-29.3460967113004,-4.957226188106153,19.497413896300234,-41.86275242560623
2001-10-20,-29.960172900991363,-4.758268243357757,18.432328122917628,-41.681852753256074
2001-10-21,-30.30395444054465,-5.095107481923858,19.96670016971428,-42.182998537090846
2001-10-22,-28.82370824419933,-3.805007715590938,20.425459415636354,-43.198129359991626
2001-10-23,-28.497524753702354,-3.6619212867009825,19.555060547907367,-43.64754113594259
2001-10-24,-28.773784073001874,-2.895993360322681,20.974530376623957,-41.197145698716305
2001-10-25,-27.98969773088072,-2.3099884949265235,21.765546536398027,-42.26158162784218
2001-10-26,-27.223821942908412,-1.1714786450584604,21.79122415234164,-41.97023447756974
2001-10-27,-28.25515638477215,-1.1175835334403583,22.774970231074178,-42.229133996335264
2001-10-28,-28.150405410646176,-1.7487159416633777,22.508156264117282,-43.10824600733262
2001-10-29,-27.638504398913877,-2.708557342713086,21.59272713041669,-42.72672940753331
2001-10-30,-27.076345721279424,-1.492968696535412,21.95531009978226,-42.08161323585998
2001-10-31,-25.513570460952067,-1.72414666945439,22.658632929678067,-43.988996585041036
2001-11-01,-25.754828972615705,-2.677019327327933,21.890734802145644,-41.90779376169866
2001-11-02,-26.83595187976162,-3.886442556930133,21.401730020003846,-41.16384832474031
2001-11-03,-27.50212097701282,-4.465694388821021,22.417094620904283,-41.620452428074294
2001-11-04,-26.808601840384288,-4.5652581629797035,22.52076768107446,-41.097918642678856
2001-11-05,-26.679388565784965,-5.450282281827135,23.577700537906384,-41.14896051778649
2001-11-06,-27.140929902522156,-5.683249682770859,24.914331351114964,-40.87310711626263
2001-11-07,-28.21348374289365,-5.68915997107268,25.183724913107312,-38.986156808798825
2001-11-08,-27.926152228506343,-6.835360915942584,23.7067323194737,-39.471825066665275
2001-11-09,-28.17634255755233,-5.749565203040838,24.395120698444277,-40.256002228514525
2001-11-10,-29.452873854081467,-5.4756490358986785,26.81066395309818,-39.446704703201206
2001-11-11,-29.674850184693472,-4.379199250996769,26.622026451560416,-38.01771192417779
2001-11-12,-30.12953484712652,-3.6459460700090216,26.585322223656327,-39.486467230845136
2001-11-13,-30.19402346745912,-3.9161269470746873,28.01009086182012,-40.33384331482128
2001-11-14,-31.20740817476227,-4.957578976050661,27.527434246985504,-41.35014426667183
2001-11-15,-30.806045668531542,-6.273583680553254,27.723984001001867,-41.03583722074445
2001-11-16,-31.898358199433634,-5.574318912131662,27.58514848555058,-41.75376248165055
2001-11-17,-32.43217441895954,-5.4550712537140065,27.798851341946346,-42.73351248894277
2001-11-18,-33.39883645399124,-4.952060403049294,27.239705682615718,-42.35219606137524
2001-11-19,-33.625922509830524,-3.6916862918611404,28.697866636329348,-41.33407310362852
2001-11-20,-32.4279038528385,-3.2749974213289157,26.78200472301065,-43.27407993509304
2001-11-21,-31.43569646502022,-4.453802980863888,24.051204845544397,-42.97070789968349
2001-11-22,-30.309420066178795,-4.1127117798805495,23.22605846256856,-42.54161189256218
2001-11-23,-28.460760461461582,-3.70975885958208,22.495250052287307,-41.49930976971114
2001-11-24,-27.129043428812665,-6.055962207886119,22.914139369190472,-38.10074198894764
2001-11-25,-27.293401515909714,-6.802005263934665,22.77074703780397,-39.42169234991224
2001-11-26,-26.674424356605332,-6.958254958220623,22.31967415417583,-38.90222350167584
2001-11-27,-27.787350407399497,-6.746070677527843,21.76423886576443,-36.76841221350111
2001-11-28,-26.270576539834977,-6.506000763280899,20.10217687359569,-36.84003860748875
2001-11-29,-25.494452024441326,-7.309784258153567,22.158120461993157,-37.58622220557033
2001-11-30,-25.85109760729577,-6.5918665058828365,21.012861539202888,-37.973229606053984
2001-12-01,-27.133859543110905,-5.07621131090313,20.02680077443143,-38.0278379308816
2001-12-02,-26.69867802491658,-6.663983209859541,21.309651752095217,-37.86104859969698
2001-12-03,-27.172942197759042,-6.5429868515554634,20.40651996570778,-38.05787705129031
2001-12-04,-27.405778800376822,-7.573365198993255,20.560361869643906,-37.885766839665614
2001-12-05,-27.716957183005547,-6.979877553772994,20.061959101451087,-38.252011716489626
2001-12-06,-29.631244256354165,-5.15784583921469,20.276778504663415,-37.83321289964688
2001-12-07,-29.580389899496467,-3.8038688964581233,19.91154475003846,-38.81069327104615
2001-12-08,-29.455982883656816,-4.968187618078192,19.975910480265256,-38.57041030605928
2001-12-09,-28.34006235194514,-7.58264792382262,21.250819813111306,-39.47402852627587
2001-12-10,-27.757311491579504,-7.298470292240726,20.82419420796094,-38.40415191226638
2001-12-11,-27.81429784964748,-6.002747075188521,19.946658369462664,-38.876605779324095
2001-12-12,-28.73920848639225,-6.820549172122239,19.100043445922754,-39.03771211659201
2001-12-13,-29.014655037952654,-7.698758310307879,18.86295042860433,-39.174919984357786
2001-12-14,-28.55332624040065,-7.492103339719952,17.82322422814548,-37.40757706287705
2001-12-15,-28.595773871243864,-7.372812518293179,16.319103515533595,-36.826663658571356
2001-12-16,-26.99727639086094,-6.150941010670365,17.992786243429652,-36.54297065214981
2001-12-17,-26.57645061392014,-6.242290567720618,17.308449465545124,-36.79574811045362
2001-12-18,-26.634501325830307,-7.020345084220003,19.048320683803148,-36.31048078031296
2001-12-19,-26.676702333140668,-5.926676680175742,18.850430279113507,-36.4741486627473
2001-12-20,-26.923910680393703,-7.428205054694266,18.51854316683343,-37.612795711738194
2001-12-21,-26.098622727524678,-7.086147129411749,18.121173292884663,-37.56443531744617
2001-12-22,-25.639919943188215,-6.8974119832374985,18.976364188667727,-38.943089762306236
2001-12-23,-28.461781291335395,-7.0837393626695535,19.749107191461032,-39.62516559112525
2001-12-24,-28.25690937916057,-6.504362941375195,19.623524892222115,-40.69068466870167
2001-12-25,-28.85635373973597,-6.455643132193884,20.973295723147082,-40.75482859439917
2001-12-26,-29.89457239708731,-7.088758727257512,20.920791572309025,-42.15423083261061
2001-12-27,-29.474814024146415,-6.919537750378975,20.66639235734667,-41.36870312292859
2001-12-28,-29.664344082418104,-6.252432030793315,19.355922860235147,-40.71617341237351
2001-12-29,-29.343850336156365,-6.655071240778504,20.755084191489047,-39.41918446231769
2001-12-30,-30.326203675168138,-5.32953551244122,20.661792197788273,-40.91780534681937
2001-12-31,-31.170603231818127,-5.410814147375412,20.108536983617824,-41.01623678197318
2002-01-01,-32.811632233227975,-5.207090431495145,20.191002278313334,-40.463062619463486
2002-01-02,-32.45068932123092,-6.231638417647743,20.781957378455793,-41.99915354061112
2002-01-03,-31.500897848920335,-6.450134954423293,21.3425073962163,-41.943587190870254
2002-01-04,-32.42433485965441,-5.957310275737504,21.849770023001724,-40.942136586744496
2002-01-05,-31.605040289419147,-6.84954419595737,21.999870018473857,-43.15801919259414
2002-01-06,-30.802774552530853,-7.61669733874343,21.89765440403981,-42.50369467013203
2002-01-07,-31.251730449015067,-8.320999717928661,22.274417126609332,-42.334080943844384
2002-01-08,-31.659697409278593,-7.863812755698065,21.97528752148876,-43.860008457007616
2002-01-09,-33.61399530756835,-9.240756967261603,21.708224223885637,-43.9197133927565
2002-01-10,-32.32702470940377,-9.02291189082253,20.371565926180168,-42.84266578460401
2002-01-11,-32.985764604586365,-8.817038365338632,19.571626735385067,-43.42613828264936
2002-01-12,-33.72187591475498,-9.505022392699018,20.127147788924162,-42.86872145629239
2002-01-13,-33.98682309077764,-9.450677363573261,19.907455847567697,-42.41889419853505
2002-01-14,-34.66886857245555,-8.530082704943482,20.520519653268387,-41.61465040950056
2002-01-15,-35.40027177099012,-6.996396207591103,18.946659465276355,-43.33479228080427
2002-01-16,-36.239481784374895,-7.073180082831703,17.37084787727149,-44.00669659734739
2002-01-17,-37.45806273563662,-7.95118297023395,16.014624320185447,-44.190473578160166
2002-01-18,-36.49009811358974,-7.84853885062977,15.174183378364976,-44.444358933226255
2002-01-19,-36.01342562308943,-7.227899080010981,16.163575214251708,-46.18552576586475
2002-01-20,-36.739985515389456,-6.517393060120071,15.366530237914453,-46.49415905112527
2002-01-21,-38.15786825251638,-7.574499630275584,16.223994414110994,-45.941186218854725
2002-01-22,-37.72542471217137,-7.962405086874431,16.72831973868293,-45.95381917220544
2002-01-23,-37.30632550691309,-9.57208409991036,15.346551087990782,-45.922986498902056
2002-01-24,-37.29757575359314,-10.026879896857912,15.792217053814024,-45.68461099650107
2002-01-25,-36.46829033285397,-9.74914207453183,14.687644561197063,-46.62261011730751
2002-01-26,-38.37723405923858,-8.448964095077713,17.37570833692745,-44.82912779710724
2002-01-27,-37.590340873473586,-7.054373849105376,16.67355164264676,-45.43634515270658
2002-01-28,-38.16398946892185,-7.036519619617596,16.506658735052724,-44.805614840486
2002-01-29,-39.879495893565945,-7.644339603526566,16.399191109358952,-43.410677792548725
2002-01-30,-39.71573725041826,-6.272951393985389,17.469829428061313,-45.27066997906817
2002-01-31,-39.338094555168794,-7.217215748650481,17.08912469117722,-45.144443367215274
2002-02-01,-39.75558929118794,-6.7905968058353965,16.440180227309014,-46.53829684798716
2002-02-02,-38.04375396192919,-5.469448222937093,16.293522307655184,-45.491298442353404
2002-02-03,-36.7412315415231,-4.309215361268244,17.627029262617416,-44.92824534774451
2002-02-04,-38.250466517725854,-3.2871733202164792,17.67930336420864,-45.57356321752013
2002-02-05,-39.39099919640855,-2.047661637860996,16.3116107801451,-45.63970619491452
2002-02-06,-38.75937959352341,-1.2934733472946927,15.938524847375525,-46.08386763222194
2002-02-07,-38.2854990991302,-1.863657900929677,13.651789331232553,-46.12519615378594
2002-02-08,-38.11948520937655,-3.647799243109624,14.757587700510275,-43.745828291819905
2002-02-09,-36.47450337599268,-3.358623759658538,17.243813354147935,-45.15747488543327
2002-02-10,-37.2739779611044,-2.3960439833318263,16.4841516033026,-43.89636510207333
2002-02-11,-37.98550807178184,-3.4221573273280894,15.309640630957373,-44.73586704882093
2002-02-12,-36.856095605837844,-4.367788735297031,16.20738738060145,-43.60614177608028
2002-02-13,-37.761685552786,-5.632155495081459,15.47214096950781,-43.811730543039204
2002-02-14,-38.15482204723023,-5.728059784672406,15.301251774716755,-43.55224559454138
2002-02-15,-38.82951370866907,-5.065621079022494,13.98902739631684,-42.005107244145435
2002-02-16,-37.09951892454285,-6.472954125916965,13.735395594663741,-43.25056362664632
2002-02-17,-37.338420520248555,-6.982529681974482,12.447471004986237,-44.08544251024427
2002-02-18,-38.70056928804255,-7.999500717209508,11.987941806638792,-44.727844359692675
2002-02-19,-38.725539915236766,-9.491965758216521,11.36322748239689,-44.17402453126833
2002-02-20,-38.23563829478779,-8.221918415277544,10.041567388090186,-45.13993003343048
2002-02-21,-38.94400865461978,-8.386364079316891,10.94475099836077,-44.27638744100707
2002-02-22,-38.933775376827086,-9.240572613362893,12.19771720406191,-44.78869670523092
2002-02-23,-38.61968102069472,-9.395486854783911,11.311002267549405,-44.91452685805271
2002-02-24,-38.673403899367734,-9.77362215744903,10.819278710235453,-45.1727803876124
2002-02-25,-38.664424421615706,-10.769459735230255,11.700800775096518,-45.30932360622333
2002-02-26,-38.4636439185493,-11.091506775935603,12.093706211794771,-46.195623853894546
2002-02-27,-38.47447162517801,-10.255768545043804,13.312982626231852,-45.29469219077669
2002-02-28,-38.401418986755,-11.267385560416269,15.213258283258387,-44.346657772409024
2002-03-01,-37.15032671300538,-12.000701612667426,14.06153069823042,-46.13273786754591
2002-03-02,-37.380245504751166,-13.319147637912492,14.736485482152991,-45.9993196376163
2002-03-03,-36.452108292654806,-11.974891077917173,16.164109167216544,-45.90646474195111
2002-03-04,-35.05222739855842,-12.664331074260332,15.858575105540885,-44.98146055319216
2002-03-05,-37.162312825745936,-11.244124603271045,16.29231754306752,-44.780258786708146
2002-03-06,-35.16142455756643,-10.735443256210937,15.4618596281328,-44.43231133170257
2002-03-07,-35.56868276110655,-13.153760073365966,14.120932963885506,-43.81272695878334
2002-03-08,-34.96342024216017,-12.277539544827308,13.566668171970822,-42.79624921178074
2002-03-09,-35.43460405547511,-11.78732903763751,13.507829187249225,-45.01175762144084
2002-03-10,-37.284891148016875,-10.02292909086926,12.617515702834263,-43.895110980980945
2002-03-11,-37.311111223635756,-9.674836222911916,10.878316908648769,-44.221972609488155
2002-03-12,-36.33098366250311,-8.78772914841208,11.16950944390808,-44.53758275877605
2002-03-13,-34.59954518127645,-9.638564882007792,9.080420091961278,-42.828844533438804
2002-03-14,-34.60726526830825,-11.1190866409986,9.334321163510687,-41.71897091122053
2002-03-15,-36.57443630959901,-11.286908912286558,8.844603539851363,-42.23305140987306
2002-03-16,-35.56565572971789,-10.56003802609039,9.014967514382906,-41.7221638981711
2002-03-17,-35.31722009848492,-10.937741372143877,9.138376729303081,-42.217967535426
2002-03-18,-35.77582490210823,-9.305097585302475,9.254460262928378,-41.27056612457519
2002-03-19,-35.2814032398403,-8.616911670368246,10.317162907854156,-40.45617522069948
2002-03-20,-35.25916959829002,-8.140006935614375,11.019893495236317,-41.95506544190196
2002-03-21,-34.313602160889516,-7.515263283948904,11.693689876102187,-42.606483386689874
2002-03-22,-34.94359437479829,-7.642118310689756,11.706359545832381,-42.40160985858051
2002-03-23,-35.34221154164564,-7.994525041863054,13.817317572906397,-42.35193923492794
2002-03-24,-34.65782154960183,-7.076710209828508,11.526489299097683,-42.1690433765834
2002-03-25,-33.767366001981586,-5.978273514938776,12.384851774895177,-43.536453286540045
2002-03-26,-35.95473825539471,-3.887725361425816,12.422349272010482,-45.258690534035296
2002-03-27,-37.64408554539925,-2.908464206209957,11.130739673761216,-46.582241191852944
2002-03-28,-37.544182233299445,-1.6678599786794324,10.769812343439513,-45.05145009232107
2002-03-29,-36.47551224525924,-2.08482959045579,11.55127429934312,-46.887255438248786
2002-03-30,-35.93330281787307,-1.9915418720211735,11.332159076534776,-46.50708026115834
2002-03-31,-35.48831418607435,-2.7770655053480513,10.336318190735865,-47.642814292222106
2002-04-01,-35.44366080117806,-1.8121710911357707,9.368177484333389,-47.38307867211801
2002-04-02,-35.147648709323526,-3.150817198814426,9.548890047060754,-46.99976283313119
2002-04-03,-34.936954971646244,-3.961660684190229,11.263773824111947,-48.71552038764327
2002-04-04,-35.723540832146874,-4.182991142241327,10.383189832916889,-49.08473431215123
2002-04-05,-35.827513452772365,-4.723027045106528,11.531545981683065,-49.78706969699081
2002-04-06,-35.52444732587659,-6.1692023610403135,12.037138859513076,-47.94041833488619
2002-04-07,-36.00985372067576,-7.23853185522821,11.95439749671706,-48.096905434028606
2002-04-08,-36.7663226892223,-6.28547698504144,11.49138827023642,-50.146511024766156
2002-04-09,-38.5327597089611,-6.159409570403693,11.010262333352735,-49.66773702101015
2002-04-10,-37.8784374709796,-6.152275396206537,10.530063453877505,-48.42650508767513
2002-04-11,-38.59006970305115,-4.790588232504029,10.74678128817895,-48.23243232837452
2002-04-12,-38.57445828495951,-6.140684295911079,10.622115530248935,-48.47295491548071
2002-04-13,-38.077174400224564,-5.403341555959793,9.116440319285115,-49.81639381697451
2002-04-14,-38.06941615431345,-4.976915082203281,8.981742158973352,-49.70118490054464
2002-04-15,-37.7602801112171,-3.888723262518451,8.524588238101416,-50.22196114920708
2002-04-16,-36.16258334678023,-4.768584650503446,7.180161444718293,-50.29206296257124
2002-04-17,-37.19369885445176,-4.906184884601973,7.999213791437349,-50.36778007195647
2002-04-18,-36.31414269253322,-4.814309713848323,8.63197051727538,-51.05488623824192
2002-04-19,-36.44847176850346,-5.329813750777864,8.981888636930826,-52.115480280069164
2002-04-20,-36.270705860528196,-7.011868580024847,9.242621261635517,-53.610681034754855
2002-04-21,-34.95382802440829,-6.783564401228398,7.552620671525692,-52.786910442970274
2002-04-22,-32.79941969920161,-4.869221188335566,9.948203495839131,-54.020374675842184
2002-04-23,-33.73351009205574,-5.22264115411597,10.009337758348517,-53.90785482959056
2002-04-24,-32.83531890728617,-4.986164630336113,11.181332224669955,-54.1263036676676
2002-04-25,-32.58327165089036,-5.426392504710775,11.566601546496749,-55.03090023155663
2002-04-26,-32.19690408998555,-6.363710880808112,11.452550359693285,-54.19377026673903
2002-04-27,-31.505428209123775,-5.2108651132328125,11.675912351589453,-54.05108455582983
2002-04-28,-30.37314874557442,-4.6530517769734985,11.66470874759628,-54.404837827870885
2002-04-29,-29.23674361455957,-5.545673294556946,13.966336574376049,-54.41760221130944
2002-04-30,-30.794738718879884,-4.867335131411493,14.11380969051936,-54.17194789044572
2002-05-01,-31.940176994443814,-4.748079848166905,13.458516772385158,-53.98469928385612
2002-05-02,-33.562724253722735,-4.24951955181619,14.518202884459368,-54.46012626595601
2002-05-03,-33.88441629656141,-4.581080230270441,15.86210341622127,-56.75848805086367
2002-05-04,-33.62097206896343,-5.558287206084297,16.524755534071904,-57.756789268443285
2002-05-05,-32.984802517398364,-6.316466898303706,15.465990141950769,-57.756392040592985
2002-05-06,-32.340382494177334,-5.458738692104318,15.51594728590831,-58.705068885040596
2002-05-07,-33.808035843518205,-5.181480754825437,14.767931471291536,-57.68760831727053
2002-05-08,-35.7119029687708,-4.002220316886458,13.442193713971648,-58.20788185312377
2002-05-09,-37.31521942716735,-4.28304459096629,12.94541606313104,-58.08689817875669
2002-05-10,-36.64884131716417,-3.130473107538423,12.601136558919155,-58.4327298586234
2002-05-11,-35.11415009524741,-2.7918046589621035,11.86059131655714,-59.37844507843308
2002-05-12,-35.42388699517874,-0.7568442017881192,12.10825722005342,-57.28307521272704
2002-05-13,-36.90373355489134,-1.3244541543539634,11.45123111987919,-58.86305649820703
2002-05-14,-38.73846710395141,-1.5938738385016968,11.202279561668822,-59.161918287313604
2002-05-15,-38.11946753593867,-2.323732391999578,10.88495509272986,-58.02636924640061
2002-05-16,-37.94886005614573,-3.8215221133163486,10.899349197136386,-58.555043911372664
2002-05-17,-38.01017698464742,-5.129747987752782,12.249403778396019,-60.330106753437974
2002-05-18,-38.44760035139718,-4.916499193494551,12.114470872883416,-61.498660767884715
2002-05-19,-39.351741558718174,-4.157844292404068,12.527485792727003,-60.99903520263506
2002-05-20,-39.3550829935741,-4.055206378629815,11.919733514493604,-61.21223954859194
2002-05-21,-41.13837688497323,-3.71993560578892,12.087620237616251,-61.42947160080052
2002-05-22,-39.164276601748725,-2.0254699381697465,11.352848054795764,-60.960100394795866
2002-05-23,-39.13959723446003,-1.6522220205085931,11.611316753750671,-60.45911089970512
2002-05-24,-39.743642828698064,-2.105805128173647,11.545105256068254,-61.531296941868014
2002-05-25,-38.17786141346074,-1.7184384230606513,10.856921191483986,-60.118085390562705
2002-05-26,-39.68310622617658,-0.7369893240020415,12.430077109690643,-59.93087910285311
2002-05-27,-40.226325201964215,-3.9498258218633477,10.108720670262823,-60.12702690371374
2002-05-28,-40.36605789209786,-2.053858295786858,9.073657300906156,-60.28547155985026
2002-05-29,-40.231361156116876,-2.343604471421059,9.538237475845484,-60.631859871844945
2002-05-30,-38.99757502860018,-2.642255205239423,7.998587767324487,-59.829966531494954
2002-05-31,-39.48483224876662,-2.0959225699191286,6.603471238118217,-60.33677509377999
2002-06-01,-41.99901147311181,-1.2972832846179627,8.54207084609418,-59.42874030076365
2002-06-02,-40.44090289932845,-1.0844707215473757,9.021809290498823,-59.43512679645495
2002-06-03,-40.6803696291109,-0.2554327804514598,9.52018987146343,-59.020990788267646
2002-06-04,-41.072728151541305,1.2956736566641744,8.636493125602186,-59.76987569985498
2002-06-05,-40.767463347403584,0.9685157549452916,8.116526073837413,-60.62490155617538
2002-06-06,-43.03396381668215,0.767227894980693,9.317158988272697,-60.713348411265834
2002-06-07,-41.7748647697667,0.9766772805120685,8.729104405661879,-61.36728097743318
2002-06-08,-42.25597758102686,1.102743302807056,8.56364367660494,-61.14158960256762
2002-06-09,-42.4730079327511,1.6785093965308078,11.681706476982413,-60.59772021324197
2002-06-10,-42.27761777731154,3.982297990243319,12.450720971189703,-60.13163285249469
2002-06-11,-42.965462852635916,5.310146873433752,13.184886231774442,-60.136736354043066
2002-06-12,-44.538566617414496,6.981340187622933,13.908683018043583,-61.6930378788701
2002-06-13,-43.800476515118014,7.706481272125459,15.136056488673521,-63.09752235629949
2002-06-14,-40.76039211847529,8.283668930626297,15.546806267038875,-65.19233264549075
2002-06-15,-38.91908929514411,6.734932482557941,15.785970338812477,-67.1419257966995
2002-06-16,-37.91656894087623,7.434340586959374,15.907788848221035,-69.12440412027779
2002-06-17,-37.84906191021156,7.115019184283423,15.377183557560992,-68.06172242462777
2002-06-18,-38.40435573473072,7.52831451107147,14.993913313230598,-66.84557542925387
2002-06-19,-38.493874208563064,8.1708513245717,15.98511134915916,-67.04780135801646
2002-06-20,-38.712214922558,8.73126036850682,15.56497353060832,-66.96791062094779
2002-06-21,-39.577117809858,10.754177335421875,16.5129926950294,-69.21092051255144
2002-06-22,-39.39248584774911,10.620716947192358,15.565138841420962,-69.72352486711597
2002-06-23,-39.63128608694221,9.971595836608481,16.96137029118894,-69.33639162349735
2002-06-24,-40.8475195766521,8.517593725406318,16.371179469568027,-69.90168916564913
2002-06-25,-41.09972300525265,8.228171709704574,17.089145598290933,-70.44121175765225
2002-06-26,-39.76937847777055,9.285870131381113,15.205449079660442,-69.78860067106802
2002-06-27,-39.94941350888422,8.985088740025569,15.9361669075423,-69.7840382868082
2002-06-28,-40.44779337298039,7.982305868349013,15.151287909607847,-68.60656707258181
2002-06-29,-40.57136228859008,7.886300699714938,15.19838759182755,-70.36280279916429
2002-06-30,-40.80390279955619,8.37019385420866,14.855970756133043,-67.93579407992749
2002-07-01,-41.86483047761866,9.076053693822667,14.769841093035934,-67.06954956075603
2002-07-02,-41.01939606368313,9.648152861556945,14.316116104819463,-66.72388578190932
2002-07-03,-41.94009441371814,9.555749401114227,13.186728773706012,-65.95772816281367
2002-07-04,-43.558287600949086,8.94359713066454,11.328841932784783,-65.97198002416768
2002-07-05,-43.907792281731346,7.274759075422318,11.723076375140067,-67.2637000146892
2002-07-06,-43.96929652185087,7.1133477839627,9.98138718582747,-66.8408447273115
2002-07-07,-45.84561501380938,6.343017155112111,10.92276907552834,-67.1495757866426
2002-07-08,-45.70633092327048,6.2534361157917715,10.771115686349102,-67.0110057709695
2002-07-09,-45.81985988466131,5.074952337179892,11.552419756655647,-65.02982192923366
2002-07-10,-46.77957525906191,4.543175679167616,12.63366463618146,-64.66146354889136
2002-07-11,-47.61486111116048,3.5702039178098484,11.93669507506954,-64.41624173036207
2002-07-12,-47.83354659603381,4.061858978506621,11.176793499461931,-64.42132159644423
2002-07-13,-46.19335523439152,3.8459377889061086,10.893952104851365,-65.57001151483546
2002-07-14,-46.543685688725084,4.36627469242489,11.315110457415313,-66.51765807677711
2002-07-15,-44.45843956274845,4.576180859499916,10.153723511791203,-66.36623125742803
2002-07-16,-43.82904738077618,5.305644110362309,10.238452126796288,-66.5097191439073
2002-07-17,-45.12094797237375,4.006704757680135,10.184518702336144,-66.77517817902066
2002-07-18,-42.91490829495454,3.5458036374825013,10.560345380616777,-67.50226914965478
2002-07-19,-44.394374059929405,4.218775949447999,10.683605806344572,-65.89406849552029
2002-07-20,-44.01164907599528,3.823871893971299,10.781128406750566,-67.53240023439089
2002-07-21,-44.59598746532857,2.3047210850140916,9.645659011665183,-66.76470266643142
2002-07-22,-44.24510551982219,2.7624382453066554,9.25009335642493,-66.27011435518172
2002-07-23,-42.85768025208883,3.4273599218552384,8.249789381921712,-66.4046571934709
2002-07-24,-43.072653994232546,3.78542880766071,8.328352828375198,-67.99875122879583
2002-07-25,-43.24550800268827,4.384344115828256,8.07075115788235,-67.58483468935252
2002-07-26,-42.771462461816384,5.304149512741514,7.998336304591257,-65.98285884224418
2002-07-27,-43.299609621399426,5.643141619118297,11.487861963399823,-65.89660112918781
2002-07-28,-42.449974707046444,6.378840481058748,9.554332670294869,-65.63844938433283
2002-07-29,-42.075238587446755,6.730218628268172,8.749788609793736,-64.70677928800716
2002-07-30,-40.610688124650935,4.906745730522734,8.075860046985769,-64.57409164210638
2002-07-31,-39.684195998273935,3.0685191523254787,7.483293363773514,-65.31057344215073
2002-08-01,-39.69095038759036,4.252982357692138,9.554472177733219,-66.00517250729933
2002-08-02,-40.48766160634142,4.710712903298569,10.122863471931428,-65.19319959427347
2002-08-03,-40.21704185004737,4.094771114523369,10.339753433180851,-64.65630527129105
2002-08-04,-39.44714720380396,3.6366043028559707,9.670082990867858,-65.25785605954924
2002-08-05,-39.01197510596339,3.625682021267736,10.450398149495873,-65.29715428327904
2002-08-06,-38.01329911675987,2.1849343995452455,11.133183925877844,-65.00251142824538
2002-08-07,-37.46734712410114,1.6112395572008538,10.943066686897062,-64.12910470129266
2002-08-08,-36.9278696794448,2.477807943153225,8.826341134957703,-63.92463202023205
2002-08-09,-36.68536801384533,1.5513430547437883,8.565202504234309,-62.77731107957655
2002-08-10,-37.41152363055803,2.7694611486762986,8.116056534984343,-64.07357832784886
2002-08-11,-35.0952363513763,4.618817299861624,7.907407503655603,-62.27811628507525
2002-08-12,-33.89588891431419,4.500864877876913,7.0291960670333244,-60.3862944103186
2002-08-13,-33.88906785044054,6.202424342726175,7.4588092113074165,-61.11115393011357
2002-08-14,-34.64493428481986,5.024760321675008,7.509538726543965,-61.81146510897152
2002-08-15,-34.08156846944839,4.818704347811461,6.51473538880074,-62.25906429440538
2002-08-16,-32.30320157912359,3.83765518253292,7.173677053328789,-62.57767400101891
2002-08-17,-32.4698131538235,4.364951296930999,7.6356331148025784,-61.80468619821678
2002-08-18,-31.87474252672141,5.195448982520683,6.587645862767407,-63.01420085883195
2002-08-19,-31.44840558502864,4.356264130580692,5.9126202532017205,-64.45943773993174
2002-08-20,-31.501602062570857,3.682106781138483,5.835714784878886,-65.53254100388821
2002-08-21,-30.826579346332885,3.7838903827289836,6.525044694091252,-64.0232159495191
2002-08-22,-31.306674496415578,3.0566339092290944,9.377189907625855,-63.19068235240204
2002-08-23,-31.205337035207148,0.9179268555917925,8.837243870467347,-63.098246149042225
2002-08-24,-31.76090553444643,1.5576146482677045,8.563991428976344,-62.53692344910548
2002-08-25,-29.99735215480258,2.5151419739917236,9.676404457801002,-63.24638695433817
2002-08-26,-31.223885114213267,-0.013303940789960667,10.082882795793857,-64.34235410194698
2002-08-27,-32.95937815241362,1.8250642626054188,8.873157411734123,-63.904793104021934
2002-08-28,-32.172773679455375,2.380884203109516,9.743086665195445,-65.45785916854537
2002-08-29,-34.21405523480949,2.2723525501883572,11.312937477253813,-64.98919134872956
2002-08-30,-34.50478708788702,0.7335281045407633,11.124237384810444,-65.1783124230977
2002-08-31,-34.88134601398212,1.3136523472932815,11.053628381596308,-63.15492573440285
2002-09-01,-33.96145320778991,0.42755433895024264,10.888520230476683,-63.61461480069046
2002-09-02,-34.51000897066325,-0.4548484205759512,10.595955410960094,-66.58080748883972
2002-09-03,-33.760434572085636,1.464980666504533,11.63899750310931,-66.5309130538848
2002-09-04,-32.2343760297619,0.5811088831774411,13.130602247800676,-67.88947597445085
2002-09-05,-32.03701533569567,-0.34245463630893913,14.60334387688277,-68.53318559964372
2002-09-06,-30.1713415242926,-0.6121879564626687,13.737038520463594,-67.75552729144518
2002-09-07,-30.09776044925586,-2.523584465712977,14.007399923153871,-67.36726193280535
2002-09-08,-29.376911139506852,-1.33624643974218,15.78461731193011,-65.65575589953274
2002-09-09,-30.344151881544693,1.177619016926338,17.4199939825728,-66.79913539492816
2002-09-10,-29.888067184045138,1.639383976982584,17.117085558980417,-65.45734013901314
2002-09-11,-28.247292178022548,1.7743303173539995,17.520872830461766,-66.4532001572282
2002-09-12,-28.571458686373482,2.284040601267873,16.752257267364698,-66.72720806256316
2002-09-13,-28.663020326721693,1.9591380029708059,17.14756613110678,-67.28293437522095
2002-09-14,-28.92221331595313,1.4400096384942362,17.703940804610173,-65.75824237643717
2002-09-15,-29.24324587656189,2.845011436346413,17.192152743111375,-66.1984200532207
2002-09-16,-28.46081562678985,3.2351477017971257,16.348682420964206,-67.18716291842979
2002-09-17,-28.54415319087494,2.526451063930195,16.27479724819509,-67.54187008309893
2002-09-18,-28.306142314258206,3.0791539108292656,16.961643341540288,-66.49157668932918
2002-09-19,-28.153682245688962,1.728630772055635,16.82222610686329,-68.227389399254
2002-09-20,-28.690118783461553,1.3056950531086446,15.517489260327451,-70.00665911653613
2002-09-21,-28.171905268885784,0.3920945077880956,13.818625894788662,-69.56601203249048
2002-09-22,-26.83957896557507,-0.2587487501641411,14.349762444641764,-70.60281034263579
2002-09-23,-27.281221477970483,0.1890322932093753,15.229680557894412,-68.91245573587096
2002-09-24,-26.547251495503374,0.09693783358035735,17.05818847834996,-68.35986587105867
2002-09-25,-26.704837759609443,-0.45164785341589575,17.09428768999151,-69.66590233781766
2002-09-26,-27.65594873888927,-0.3984713879586248,17.84489222687971,-69.43706147647833
